"","P","S","ll","copula","params1","params2"
"1","0","0","0","Independent",NA,NA
"2","0","0","3.51981505439444","normalCopula","0.346992308906122",NA
"3","0","0","2.43796928203548","claytonCopula","0.63959926856722",NA
"4","0","0","2.56593110578164","gumbelCopula","1.24634910868974",NA
"5","0","0","2.81017323757518","galambosCopula","0.513564406806505",NA
"6","0","0","2.94952792887561","huslerReissCopula","0.898500019869692",NA
"7","0","0","2.91277568260701","tevCopula","0.941648110378679","41.6186968400418"
"8","0","0","3.5192580120539","tCopula","0.347507467675331","4597.88691379591"
"9","0","0","2.8616815780948","rot gumbelCopula","1.26283646050435",NA
"10","0","0","2.90078334024817","rot galambosCopula","0.525970402698134",NA
"11","0","0","2.88997282146948","rot huslerReissCopula","0.897373864609205",NA
"12","0","1","0","Independent",NA,NA
"13","0","1","14.0807854253254","normalCopula","0.602406887358887",NA
"14","0","1","13.258827903483","claytonCopula","1.48819101685915",NA
"15","0","1","10.2507138934514","gumbelCopula","1.55353374180648",NA
"16","0","1","10.4912506464949","galambosCopula","0.83182824713079",NA
"17","0","1","10.6839062482786","huslerReissCopula","1.27155924970262",NA
"18","0","1","10.6325052392099","tevCopula","0.963434282235637","32.820328877968"
"19","0","1","14.0768478266105","tCopula","0.602349636361329","2242.86854457383"
"20","0","1","14.0837509183891","rot gumbelCopula","1.65032304737065",NA
"21","0","1","14.3459453123311","rot galambosCopula","0.9390463389587",NA
"22","0","1","14.5474133504976","rot huslerReissCopula","1.40791068375259",NA
"23","0","2","0","Independent",NA,NA
"24","0","2","0.716401059298337","normalCopula","0.165189249786288",NA
"25","0","2","-0.80797105043273","claytonCopula","0.195984517665015",NA
"26","0","2","2.05202907468616","gumbelCopula","1.18320275219063",NA
"27","0","2","1.97342313663434","galambosCopula","0.43720838167947",NA
"28","0","2","1.89680482661734","huslerReissCopula","0.781497767774839",NA
"29","0","2","2.10001427298385","tevCopula","0.171064975281495","2.4711058961175"
"30","0","2","0.807976456687146","tCopula","0.16150018143296","8.27841915335706"
"31","0","2","0.0521190960396935","rot gumbelCopula","1.03345396281034",NA
"32","0","2","0.0797425983501413","rot galambosCopula","0.237241997675232",NA
"33","0","2","0.0890680758598297","rot huslerReissCopula","0.528066004315515",NA
"34","0","3","0","Independent",NA,NA
"35","0","3","4.9388444133866","normalCopula","0.39586837477854",NA
"36","0","3","6.72273057330827","claytonCopula","0.688150517375138",NA
"37","0","3","3.39317527389872","gumbelCopula","1.2587035514065",NA
"38","0","3","3.7963756881002","galambosCopula","0.53529023069358",NA
"39","0","3","3.99314828249379","huslerReissCopula","0.933087773921633",NA
"40","0","3","3.95799569381371","tevCopula","0.961616373922229","59.1774263755448"
"41","0","3","4.93876279601871","tCopula","0.395825108639248","1380.96091330111"
"42","0","3","6.0646127734135","rot gumbelCopula","1.34672481318213",NA
"43","0","3","6.34536467186319","rot galambosCopula","0.629958561461635",NA
"44","0","3","6.52214183057417","rot huslerReissCopula","1.0491050215698",NA
"45","0","4","0","Independent",NA,NA
"46","0","4","0.823527532992197","normalCopula","0.177579558444963",NA
"47","0","4","-0.433199124114725","claytonCopula","0.211352944208562",NA
"48","0","4","1.7997116735348","gumbelCopula","1.17078525756468",NA
"49","0","4","1.84459895144096","galambosCopula","0.42521605024221",NA
"50","0","4","1.86769580047446","huslerReissCopula","0.77863069304892",NA
"51","0","4","1.85716765272213","tevCopula","0.879041658024682","26.0721745619612"
"52","0","4","0.857172611072296","tCopula","0.167293328404143","10.6554195238371"
"53","0","4","0.175508659208615","rot gumbelCopula","1.06123866889492",NA
"54","0","4","0.220928964039966","rot galambosCopula","0.284216981238266",NA
"55","0","4","0.234796222554007","rot huslerReissCopula","0.59219803540647",NA
"56","1","0","0","Independent",NA,NA
"57","1","0","0.0400855753360936","normalCopula","-0.0397034142309271",NA
"58","1","0","0.13627656150896","claytonCopula","-0.0475798005039933",NA
"59","1","0","0.053200693009669","gumbelCopula","1.02635925115314",NA
"60","1","0","-Inf","galambosCopula",NA,NA
"61","1","0","-Inf","huslerReissCopula",NA,NA
"62","1","0","0.378158749305002","tevCopula","-0.947761180492338","0.213119745681158"
"63","1","0","0.723932397540149","tCopula","-0.045442100678416","3.58993226361826"
"64","1","0","-8.86824989808094e-08","rot gumbelCopula","1.00000001490116",NA
"65","1","0","-Inf","rot galambosCopula",NA,NA
"66","1","0","-Inf","rot huslerReissCopula",NA,NA
"67","1","1","0","Independent",NA,NA
"68","1","1","0.0972412419206228","normalCopula","-0.0609068865787123",NA
"69","1","1","0.00085481591429093","claytonCopula","0.00659550928775212",NA
"70","1","1","-2.61196260453733e-09","gumbelCopula","1.00000001490116",NA
"71","1","1","3.66373598126302e-15","galambosCopula","0.0159518057650692",NA
"72","1","1","-7.66053886991358e-15","huslerReissCopula","0.0348927722989337",NA
"73","1","1","-Inf","tevCopula",NA,NA
"74","1","1","-Inf","tCopula",NA,NA
"75","1","1","-2.59422473607163e-09","rot gumbelCopula","1.00000001490116",NA
"76","1","1","-1.72563075231221e-11","rot galambosCopula","0.0287242839732037",NA
"77","1","1","-3.06671355887727e-11","rot huslerReissCopula","0.152751612049479",NA
"78","1","2","0","Independent",NA,NA
"79","1","2","3.07445092730473","normalCopula","0.317464264807247",NA
"80","1","2","2.52121783101557","claytonCopula","0.531093100059588",NA
"81","1","2","2.84198747028944","gumbelCopula","1.23600911142028",NA
"82","1","2","2.7321631600545","galambosCopula","0.493816804681973",NA
"83","1","2","2.71774657980599","huslerReissCopula","0.858962677221313",NA
"84","1","2","3.27543382178735","tevCopula","-0.411753016492896","0.582493170553793"
"85","1","2","3.07408033941563","tCopula","0.317274104169562","7346.48096026225"
"86","1","2","2.67973585802634","rot gumbelCopula","1.23651087864043",NA
"87","1","2","2.72383094455984","rot galambosCopula","0.501143710663986",NA
"88","1","2","2.71636761891514","rot huslerReissCopula","0.868736214960525",NA
"89","1","3","0","Independent",NA,NA
"90","1","3","0.247584208125504","normalCopula","0.0966024340859259",NA
"91","1","3","-0.107322909245211","claytonCopula","0.0594044438038086",NA
"92","1","3","0.755326747149491","gumbelCopula","1.09796378955109",NA
"93","1","3","0.964784256805459","galambosCopula","0.345749594030312",NA
"94","1","3","1.01396502678202","huslerReissCopula","0.679896657535778",NA
"95","1","3","0.998411592427049","tevCopula","0.8929401139442","39.1790067454583"
"96","1","3","0.555175474369608","tCopula","0.0465324148314204","4.52859646331675"
"97","1","3","0.0324649962718118","rot gumbelCopula","1.02302090892826",NA
"98","1","3","0.0755657899164861","rot galambosCopula","0.224512468293261",NA
"99","1","3","0.0877152797405279","rot huslerReissCopula","0.512061368387931",NA
"100","1","4","0","Independent",NA,NA
"101","1","4","3.95787518810169","normalCopula","0.367555582269713",NA
"102","1","4","6.6115933341933","claytonCopula","0.696227049159446",NA
"103","1","4","2.34911367269671","gumbelCopula","1.23524893045609",NA
"104","1","4","2.2660480482175","galambosCopula","0.492468770674393",NA
"105","1","4","2.24341073847933","huslerReissCopula","0.85445805401615",NA
"106","1","4","2.39692431150827","tevCopula","-0.118727202849151","1.13659698816398"
"107","1","4","3.95759276160805","tCopula","0.367522754147234","1811.68024054468"
"108","1","4","5.4203509600688","rot gumbelCopula","1.33232083293829",NA
"109","1","4","5.67215546832012","rot galambosCopula","0.615726602934141",NA
"110","1","4","5.79455490426414","rot huslerReissCopula","1.02808310357222",NA
"111","10","0","0","Independent",NA,NA
"112","10","0","1.16036567169404","normalCopula","0.208918623372796",NA
"113","10","0","4.03057148197244","claytonCopula","0.509411238248511",NA
"114","10","0","0.327948167013834","gumbelCopula","1.08443730292462",NA
"115","10","0","0.25829575562062","galambosCopula","0.29912949099309",NA
"116","10","0","0.244784172233887","huslerReissCopula","0.600273848404334",NA
"117","10","0","0.424617339319848","tevCopula","-0.599466821706305","0.997337713854028"
"118","10","0","1.8452908592475","tCopula","0.18103504157529","3.55498502041247"
"119","10","0","2.85851340833628","rot gumbelCopula","1.21846315811447",NA
"120","10","0","2.9209193075115","rot galambosCopula","0.483179813305757",NA
"121","10","0","2.92185780135348","rot huslerReissCopula","0.850939296607451",NA
"122","10","1","0","Independent",NA,NA
"123","10","1","5.28136876321107","normalCopula","0.40712344281425",NA
"124","10","1","6.38710741665106","claytonCopula","0.732068600941036",NA
"125","10","1","3.0149971207014","gumbelCopula","1.26515679237754",NA
"126","10","1","3.34416816524333","galambosCopula","0.537569141481392",NA
"127","10","1","3.55379161691347","huslerReissCopula","0.933429938126453",NA
"128","10","1","3.51554327124401","tevCopula","0.963214431655556","61.6703711723612"
"129","10","1","5.28123114678034","tCopula","0.407120600123517","45183.0094477331"
"130","10","1","5.67043570247488","rot gumbelCopula","1.34982634390315",NA
"131","10","1","5.92569965509065","rot galambosCopula","0.631498955799522",NA
"132","10","1","6.03972825736958","rot huslerReissCopula","1.04276329545366",NA
"133","10","2","0","Independent",NA,NA
"134","10","2","3.00547724470128","normalCopula","0.314346328392484",NA
"135","10","2","-Inf","claytonCopula",NA,NA
"136","10","2","3.35417728618816","gumbelCopula","1.23971199398383",NA
"137","10","2","3.56076566073602","galambosCopula","0.514050186399114",NA
"138","10","2","3.57223483787999","huslerReissCopula","0.890654885796763",NA
"139","10","2","3.57402979536941","tevCopula","0.874823411207907","19.0351082524108"
"140","10","2","3.43211075545038","tCopula","0.269038921167827","4.65480624153542"
"141","10","2","2.80234744217721","rot gumbelCopula","1.22703321847483",NA
"142","10","2","2.92829589440365","rot galambosCopula","0.492369673739759",NA
"143","10","2","2.98108351794973","rot huslerReissCopula","0.865385345586599",NA
"144","10","3","0","Independent",NA,NA
"145","10","3","1.28462988160613","normalCopula","-0.209711643455006",NA
"146","10","3","0.431815941972384","claytonCopula","-0.128629259655075",NA
"147","10","3","-2.67105191397235e-07","gumbelCopula","1.00000001490116",NA
"148","10","3","-Inf","galambosCopula",NA,NA
"149","10","3","-Inf","huslerReissCopula",NA,NA
"150","10","3","-Inf","tevCopula",NA,NA
"151","10","3","1.45091528489754","tCopula","-0.16916392669141","4.99737090970163"
"152","10","3","-1.85454819542907e-07","rot gumbelCopula","1.00000001490116",NA
"153","10","3","-Inf","rot galambosCopula",NA,NA
"154","10","3","-Inf","rot huslerReissCopula",NA,NA
"155","10","4","0","Independent",NA,NA
"156","10","4","0.480644330896307","normalCopula","0.134101522608328",NA
"157","10","4","0.409780766938128","claytonCopula","0.159754870356781",NA
"158","10","4","0.666753858750023","gumbelCopula","1.10227191370806",NA
"159","10","4","0.568387010286131","galambosCopula","0.332543221653402",NA
"160","10","4","0.519005135653174","huslerReissCopula","0.641521573573645",NA
"161","10","4","0.726682305107916","tevCopula","-0.343293250280744","1.56047094680953"
"162","10","4","0.496511623974134","tCopula","0.129299580423461","20.8417200286929"
"163","10","4","0.346456562600749","rot gumbelCopula","1.07506828934041",NA
"164","10","4","0.556008814346252","rot galambosCopula","0.320058221453465",NA
"165","10","4","0.611972488073709","rot huslerReissCopula","0.649292603638342",NA
"166","11","0","0","Independent",NA,NA
"167","11","0","21.2559272831488","normalCopula","-0.821606817841579",NA
"168","11","0","7.5347240728839","claytonCopula","-0.395274592870922",NA
"169","11","0","-5.04237765902582e-07","gumbelCopula","1.00000001490116",NA
"170","11","0","-Inf","galambosCopula",NA,NA
"171","11","0","-Inf","huslerReissCopula",NA,NA
"172","11","0","-Inf","tevCopula",NA,NA
"173","11","0","21.2582870721047","tCopula","-0.821889263203191","109.622382935426"
"174","11","0","-5.21043165196966e-07","rot gumbelCopula","1.00000001490116",NA
"175","11","0","-Inf","rot galambosCopula",NA,NA
"176","11","0","-Inf","rot huslerReissCopula",NA,NA
"177","11","1","0","Independent",NA,NA
"178","11","1","3.01433369327997","normalCopula","0.318438963004816",NA
"179","11","1","9.27187098669401","claytonCopula","0.79671220997511",NA
"180","11","1","0.500416703972896","gumbelCopula","1.10896021865063",NA
"181","11","1","0.560721800792723","galambosCopula","0.351342745337311",NA
"182","11","1","0.571163552580596","huslerReissCopula","0.679292529220663",NA
"183","11","1","0.564747789389474","tevCopula","0.801693131099842","20.338692989193"
"184","11","1","3.01430040449927","tCopula","0.318472705059075","52155.8700792807"
"185","11","1","6.15930081042037","rot gumbelCopula","1.32884301056626",NA
"186","11","1","6.48757790719237","rot galambosCopula","0.617497000021869",NA
"187","11","1","6.67247774344464","rot huslerReissCopula","1.0389708000391",NA
"188","11","2","0","Independent",NA,NA
"189","11","2","9.4688013816345","normalCopula","0.514582399575579",NA
"190","11","2","3.02831361993378","claytonCopula","1.03348121708623",NA
"191","11","2","8.52715738581037","gumbelCopula","1.46775465296754",NA
"192","11","2","9.07251809926619","galambosCopula","0.755807817032154",NA
"193","11","2","9.45874842419714","huslerReissCopula","1.20360708284358",NA
"194","11","2","9.38464199565161","tevCopula","0.971306158382273","47.4616839648524"
"195","11","2","9.46307000804184","tCopula","0.514505757981254","1709.20238721254"
"196","11","2","6.28424622187838","rot gumbelCopula","1.40747339229602",NA
"197","11","2","6.54167424443193","rot galambosCopula","0.682661748354785",NA
"198","11","2","6.73830579815246","rot huslerReissCopula","1.09983879025572",NA
"199","11","3","0","Independent",NA,NA
"200","11","3","18.9408724164051","normalCopula","0.66701978079164",NA
"201","11","3","-0.0928941257407083","claytonCopula","1.93470770495721",NA
"202","11","3","21.5858269745229","gumbelCopula","1.9116427904202",NA
"203","11","3","21.3606868841378","galambosCopula","1.19280730772776",NA
"204","11","3","20.9024513249389","huslerReissCopula","1.65210694498595",NA
"205","11","3","21.4429164175226","tevCopula","0.837904910729403","3.44787796485485"
"206","11","3","18.9401972783923","tCopula","0.666881876225655","4372.92759787925"
"207","11","3","13.3470169735066","rot gumbelCopula","1.68188669697759",NA
"208","11","3","13.3070021142446","rot galambosCopula","0.947082734582146",NA
"209","11","3","13.1294702715303","rot huslerReissCopula","1.37205091389708",NA
"210","11","4","0","Independent",NA,NA
"211","11","4","17.0114601057367","normalCopula","0.699734556754862",NA
"212","11","4","9.11109385194741","claytonCopula","2.10277589807235",NA
"213","11","4","13.9512584162758","gumbelCopula","1.79204251524835",NA
"214","11","4","14.4774456673119","galambosCopula","1.08163122711701",NA
"215","11","4","15.1318546306465","huslerReissCopula","1.60637148907602",NA
"216","11","4","15.010984572817","tevCopula","0.983901189539786","47.7240920959303"
"217","11","4","17.0079966482751","tCopula","0.699684638329723","3224.50548030304"
"218","11","4","14.6656996534058","rot gumbelCopula","1.83320148009046",NA
"219","11","4","14.8359908261244","rot galambosCopula","1.11236293138238",NA
"220","11","4","15.1160437732644","rot huslerReissCopula","1.60491175302006",NA
"221","12","0","0","Independent",NA,NA
"222","12","0","3.19788854060928","normalCopula","0.326300067897371",NA
"223","12","0","2.89247059384512","claytonCopula","0.558375027064515",NA
"224","12","0","3.41344703340479","gumbelCopula","1.27413259419695",NA
"225","12","0","2.99582813246184","galambosCopula","0.523210824207486",NA
"226","12","0","2.80803715298346","huslerReissCopula","0.875085740344751",NA
"227","12","0","4.84660024986554","tevCopula","-0.30764544770782","0.499175381467732"
"228","12","0","3.415413147837","tCopula","0.335497566787041","6.66854054949845"
"229","12","0","3.10742508509672","rot gumbelCopula","1.25709974357215",NA
"230","12","0","3.14000486806539","rot galambosCopula","0.519006017603701",NA
"231","12","0","3.16618608261528","rot huslerReissCopula","0.893350494501815",NA
"232","12","1","0","Independent",NA,NA
"233","12","1","9.09448196012192","normalCopula","0.505883208027236",NA
"234","12","1","4.32765983158078","claytonCopula","0.952903553198815",NA
"235","12","1","9.34281233280641","gumbelCopula","1.46810444655068",NA
"236","12","1","9.7135819865687","galambosCopula","0.756862727501825",NA
"237","12","1","10.0139221370218","huslerReissCopula","1.20771015039674",NA
"238","12","1","9.94224052735158","tevCopula","0.966347973020103","40.1919581166368"
"239","12","1","9.09443436086582","tCopula","0.505881805353522","117884.458022705"
"240","12","1","6.7083804905185","rot gumbelCopula","1.39702979616774",NA
"241","12","1","7.11933186371894","rot galambosCopula","0.682805248263235",NA
"242","12","1","7.3380869103882","rot huslerReissCopula","1.10841240953523",NA
"243","12","2","0","Independent",NA,NA
"244","12","2","2.10863223437097","normalCopula","0.258629278476851",NA
"245","12","2","3.44135760394474","claytonCopula","0.433051950672453",NA
"246","12","2","1.05812993857274","gumbelCopula","1.14069191836391",NA
"247","12","2","1.1202291535754","galambosCopula","0.391388958755264",NA
"248","12","2","1.1492906352882","huslerReissCopula","0.734620144842173",NA
"249","12","2","1.13665048071285","tevCopula","0.882654413417768","30.2995397492843"
"250","12","2","2.10855794514167","tCopula","0.258768379552317","49209.4882629678"
"251","12","2","2.79176548606842","rot gumbelCopula","1.19985588721763",NA
"252","12","2","3.04817057059711","rot galambosCopula","0.469378510933027",NA
"253","12","2","3.13979071219568","rot huslerReissCopula","0.842091874936611",NA
"254","12","3","0","Independent",NA,NA
"255","12","3","0.0901301413625066","normalCopula","-0.0595016368168858",NA
"256","12","3","0.0920325017026569","claytonCopula","0.0652017395721999",NA
"257","12","3","-9.66745615452874e-08","gumbelCopula","1.00000001490116",NA
"258","12","3","-Inf","galambosCopula",NA,NA
"259","12","3","-Inf","huslerReissCopula",NA,NA
"260","12","3","-Inf","tevCopula",NA,NA
"261","12","3","0.395405948234894","tCopula","-0.0626085456116859","5.5657041692767"
"262","12","3","0.00217591796679591","rot gumbelCopula","1.00512714629103",NA
"263","12","3","-Inf","rot galambosCopula",NA,NA
"264","12","3","-Inf","rot huslerReissCopula",NA,NA
"265","12","4","0","Independent",NA,NA
"266","12","4","0.398708538085826","normalCopula","0.127293101900354",NA
"267","12","4","1.07124900965535","claytonCopula","0.270216130642487",NA
"268","12","4","0.0746853525774242","gumbelCopula","1.0376879848145",NA
"269","12","4","0.171211368759001","galambosCopula","0.263594211619759",NA
"270","12","4","0.197598140520372","huslerReissCopula","0.571373836284961",NA
"271","12","4","0.18188729074412","tevCopula","0.771139443713617","25.3701852115585"
"272","12","4","0.398493359155662","tCopula","0.127677350330682","3317.51185350107"
"273","12","4","0.985844527283542","rot gumbelCopula","1.12787753095948",NA
"274","12","4","0.859175568461501","rot galambosCopula","0.36444220825333",NA
"275","12","4","0.820921511297432","rot huslerReissCopula","0.688430518181819",NA
"276","13","0","0","Independent",NA,NA
"277","13","0","7.49380678038179","normalCopula","0.4698118848445",NA
"278","13","0","7.08317520571901","claytonCopula","0.830846597120318",NA
"279","13","0","5.49133718955756","gumbelCopula","1.34501465245471",NA
"280","13","0","6.1574428696478","galambosCopula","0.634758109889714",NA
"281","13","0","6.56558801843427","huslerReissCopula","1.06892034025272",NA
"282","13","0","6.48729246810404","tevCopula","0.966741219113698","52.2385340415038"
"283","13","0","7.49197574063767","tCopula","0.469739270162617","3154.25709298735"
"284","13","0","7.04304003395362","rot gumbelCopula","1.39422538635082",NA
"285","13","0","7.53183256483995","rot galambosCopula","0.683798389029877",NA
"286","13","0","7.85273325768825","rot huslerReissCopula","1.12174593326902",NA
"287","13","1","0","Independent",NA,NA
"288","13","1","0.0439127187536725","normalCopula","0.0416693540944603",NA
"289","13","1","1.32751704095433","claytonCopula","0.276681727434069",NA
"290","13","1","-6.28271656505364e-08","gumbelCopula","1.00000001490116",NA
"291","13","1","-1.55746526791453e-11","galambosCopula","0.0263417989309977",NA
"292","13","1","-1.11022302462517e-16","huslerReissCopula","0.107463330315848",NA
"293","13","1","-Inf","tevCopula",NA,NA
"294","13","1","0.708275395233756","tCopula","0.0395528699163585","4.01849065026413"
"295","13","1","0.795513674853933","rot gumbelCopula","1.10378886542702",NA
"296","13","1","0.816439124771862","rot galambosCopula","0.341669776195711",NA
"297","13","1","0.808301510630678","rot huslerReissCopula","0.664597438922883",NA
"298","13","2","0","Independent",NA,NA
"299","13","2","0.980061065871551","normalCopula","0.189072088829561",NA
"300","13","2","0.529774237686516","claytonCopula","0.270374799639381",NA
"301","13","2","1.81875585317498","gumbelCopula","1.18054938712949",NA
"302","13","2","1.43203927795066","galambosCopula","0.41853343114128",NA
"303","13","2","1.22939106927968","huslerReissCopula","0.735019944209468",NA
"304","13","2","2.30677833690711","tevCopula","-0.190492954943422","1.14009870328914"
"305","13","2","1.80511766430654","tCopula","0.188837753845463","3.6354764914836"
"306","13","2","0.769608891845768","rot gumbelCopula","1.11873609005157",NA
"307","13","2","0.846486118936633","rot galambosCopula","0.36147913882021",NA
"308","13","2","0.88091308509202","rot huslerReissCopula","0.697015948288838",NA
"309","13","3","0","Independent",NA,NA
"310","13","3","3.91618913025576","normalCopula","0.359937098537487",NA
"311","13","3","1.04768519247366","claytonCopula","0.59368367266298",NA
"312","13","3","5.32783523151768","gumbelCopula","1.33301381504432",NA
"313","13","3","5.29718644796871","galambosCopula","0.603858570284139",NA
"314","13","3","5.24017567851438","huslerReissCopula","0.994583392919956",NA
"315","13","3","5.32598270062134","tevCopula","0.612969223487419","4.12843514893554"
"316","13","3","4.20727899500007","tCopula","0.352959434789051","5.61527186926381"
"317","13","3","2.71013563389862","rot gumbelCopula","1.25044121478195",NA
"318","13","3","2.6428354018464","rot galambosCopula","0.50568325421894",NA
"319","13","3","2.65016602922661","rot huslerReissCopula","0.873796678708466",NA
"320","13","4","0","Independent",NA,NA
"321","13","4","0.835755622994984","normalCopula","-0.177379175886833",NA
"322","13","4","0.489703899362919","claytonCopula","-0.119275057561119",NA
"323","13","4","-1.77181928224732e-07","gumbelCopula","1.00000001490116",NA
"324","13","4","-Inf","galambosCopula",NA,NA
"325","13","4","-Inf","huslerReissCopula",NA,NA
"326","13","4","-Inf","tevCopula",NA,NA
"327","13","4","0.853029087232335","tCopula","-0.172609670476133","20.3967389025726"
"328","13","4","-1.99282279457827e-07","rot gumbelCopula","1.00000001490116",NA
"329","13","4","-Inf","rot galambosCopula",NA,NA
"330","13","4","-Inf","rot huslerReissCopula",NA,NA
"331","14","0","0","Independent",NA,NA
"332","14","0","2.70384318484373","normalCopula","-0.316537483021684",NA
"333","14","0","0.0254163469501617","claytonCopula","-0.0280065913562504",NA
"334","14","0","-4.65467371404439e-07","gumbelCopula","1.00000001490116",NA
"335","14","0","-Inf","galambosCopula",NA,NA
"336","14","0","-Inf","huslerReissCopula",NA,NA
"337","14","0","-Inf","tevCopula",NA,NA
"338","14","0","3.31091865624605","tCopula","-0.346197791070508","5.31313577107388"
"339","14","0","-1.85518358772341e-07","rot gumbelCopula","1.00000001490116",NA
"340","14","0","-Inf","rot galambosCopula",NA,NA
"341","14","0","-Inf","rot huslerReissCopula",NA,NA
"342","14","1","0","Independent",NA,NA
"343","14","1","0.368886292942469","normalCopula","-0.137740833252169",NA
"344","14","1","0.146871461481387","claytonCopula","0.0907112852932274",NA
"345","14","1","-2.34380051974264e-07","gumbelCopula","1.00000001490116",NA
"346","14","1","-Inf","galambosCopula",NA,NA
"347","14","1","-Inf","huslerReissCopula",NA,NA
"348","14","1","-Inf","tevCopula",NA,NA
"349","14","1","0.395358977111531","tCopula","-0.150409616861902","15.1272306868469"
"350","14","1","0.000333930016951187","rot gumbelCopula","1.00220626483213",NA
"351","14","1","-Inf","rot galambosCopula",NA,NA
"352","14","1","-Inf","rot huslerReissCopula",NA,NA
"353","14","2","0","Independent",NA,NA
"354","14","2","0.00352839631112345","normalCopula","-0.0134643366905753",NA
"355","14","2","0.423532328076539","claytonCopula","0.163791664335155",NA
"356","14","2","-1.34514948436915e-07","gumbelCopula","1.00000001490116",NA
"357","14","2","-Inf","galambosCopula",NA,NA
"358","14","2","-Inf","huslerReissCopula",NA,NA
"359","14","2","-Inf","tevCopula",NA,NA
"360","14","2","0.00322841247713668","tCopula","-0.0114592621770646","5067.00408486823"
"361","14","2","0.101523758721601","rot gumbelCopula","1.03987584940375",NA
"362","14","2","-Inf","rot galambosCopula",NA,NA
"363","14","2","-Inf","rot huslerReissCopula",NA,NA
"364","14","3","0","Independent",NA,NA
"365","14","3","6.0823506160188","normalCopula","-0.554862998208442",NA
"366","14","3","2.63415754283229","claytonCopula","-0.306658285841021",NA
"367","14","3","-3.39300719714997e-07","gumbelCopula","1.00000001490116",NA
"368","14","3","-Inf","galambosCopula",NA,NA
"369","14","3","-Inf","huslerReissCopula",NA,NA
"370","14","3","-Inf","tevCopula",NA,NA
"371","14","3","6.08213838461876","tCopula","-0.554896794264162","5558.25889980964"
"372","14","3","-3.43601540268856e-07","rot gumbelCopula","1.00000001490116",NA
"373","14","3","-Inf","rot galambosCopula",NA,NA
"374","14","3","-Inf","rot huslerReissCopula",NA,NA
"375","14","4","0","Independent",NA,NA
"376","14","4","6.21661455351605","normalCopula","0.689866329080269",NA
"377","14","4","4.00573224763213","claytonCopula","1.92866455728767",NA
"378","14","4","5.96920406416955","gumbelCopula","1.86640934485458",NA
"379","14","4","6.02908501552781","galambosCopula","1.1549385519046",NA
"380","14","4","6.09146037618137","huslerReissCopula","1.65774807086427",NA
"381","14","4","6.06874527321733","tevCopula","0.968977447212799","22.651711957731"
"382","14","4","6.31977039305097","tCopula","0.692237001515324","11.4381929820432"
"383","14","4","5.81026167951718","rot gumbelCopula","1.86331295066289",NA
"384","14","4","5.69982623185769","rot galambosCopula","1.14712723722454",NA
"385","14","4","5.43382800980766","rot huslerReissCopula","1.57819783750522",NA
"386","2","0","0","Independent",NA,NA
"387","2","0","2.74938344158418","normalCopula","-0.306476497120853",NA
"388","2","0","2.16639807519232","claytonCopula","-0.226302685461438",NA
"389","2","0","-2.82616334286445e-07","gumbelCopula","1.00000001490116",NA
"390","2","0","-Inf","galambosCopula",NA,NA
"391","2","0","-Inf","huslerReissCopula",NA,NA
"392","2","0","-Inf","tevCopula",NA,NA
"393","2","0","-Inf","tCopula",NA,NA
"394","2","0","-3.62633072953714e-07","rot gumbelCopula","1.00000001490116",NA
"395","2","0","-Inf","rot galambosCopula",NA,NA
"396","2","0","-Inf","rot huslerReissCopula",NA,NA
"397","2","1","0","Independent",NA,NA
"398","2","1","5.05200268495439","normalCopula","0.382949526567342",NA
"399","2","1","-1.12494742616381","claytonCopula","0.566867904755888",NA
"400","2","1","8.53042240878801","gumbelCopula","1.39533590852627",NA
"401","2","1","8.73012591801591","galambosCopula","0.682270130496671",NA
"402","2","1","8.81273648741469","huslerReissCopula","1.10739498593667",NA
"403","2","1","8.7925491829531","tevCopula","0.95227007071693","33.4108863342745"
"404","2","1","5.22694750079697","tCopula","0.378459424322681","8.49077872702369"
"405","2","1","2.09935507109467","rot gumbelCopula","1.21608040597201",NA
"406","2","1","2.05218811522508","rot galambosCopula","0.470967590637363",NA
"407","2","1","1.99111275792062","rot huslerReissCopula","0.821795573682311",NA
"408","2","2","0","Independent",NA,NA
"409","2","2","2.97249410174492","normalCopula","0.304433520910613",NA
"410","2","2","3.35576165222753","claytonCopula","0.452401953291831",NA
"411","2","2","2.59781522993573","gumbelCopula","1.20423973365392",NA
"412","2","2","2.84849697213508","galambosCopula","0.470315804317751",NA
"413","2","2","2.95725096407604","huslerReissCopula","0.844142352201092",NA
"414","2","2","2.92891304399906","tevCopula","0.935852309081783","42.8360283715813"
"415","2","2","3.04036718042334","tCopula","0.263036519796918","5.58279647671536"
"416","2","2","3.33320406212093","rot gumbelCopula","1.2396300605383",NA
"417","2","2","3.40391141075592","rot galambosCopula","0.505456618082516",NA
"418","2","2","3.45972089130111","rot huslerReissCopula","0.881691435324205",NA
"419","2","3","0","Independent",NA,NA
"420","2","3","4.15872480629032","normalCopula","0.350395891368381",NA
"421","2","3","4.73529065039424","claytonCopula","0.532720865849563",NA
"422","2","3","2.58776970773647","gumbelCopula","1.218780119673",NA
"423","2","3","2.95414056000182","galambosCopula","0.491838169533032",NA
"424","2","3","3.04389069297659","huslerReissCopula","0.867793282718596",NA
"425","2","3","3.02592673456741","tevCopula","0.933834620854641","39.0487309299536"
"426","2","3","4.15735455885036","tCopula","0.350364983900326","1819.68759338798"
"427","2","3","3.93366686897485","rot gumbelCopula","1.26560726533697",NA
"428","2","3","4.47408158296699","rot galambosCopula","0.547405877111473",NA
"429","2","3","4.71566325704421","rot huslerReissCopula","0.949401046541064",NA
"430","2","4","0","Independent",NA,NA
"431","2","4","6.06482541196485","normalCopula","0.47896476851973",NA
"432","2","4","4.40975844612699","claytonCopula","0.899149416210091",NA
"433","2","4","4.76091109121911","gumbelCopula","1.38086762976172",NA
"434","2","4","5.0871539503671","galambosCopula","0.668382220868613",NA
"435","2","4","5.28032657452092","huslerReissCopula","1.09448366386389",NA
"436","2","4","5.24354630417723","tevCopula","0.967226925848035","50.2287038157655"
"437","2","4","6.06422030635138","tCopula","0.478736991244121","12471.736501261"
"438","2","4","4.82720585475691","rot gumbelCopula","1.38229734534577",NA
"439","2","4","5.24906813073037","rot galambosCopula","0.672146184339175",NA
"440","2","4","5.51946958449898","rot huslerReissCopula","1.10707600463572",NA
"441","3","0","0","Independent",NA,NA
"442","3","0","0.10549510676403","normalCopula","0.0634318552395054",NA
"443","3","0","0.168308051957852","claytonCopula","0.165557281501404",NA
"444","3","0","0.0936725766824882","gumbelCopula","1.04167505255627",NA
"445","3","0","0.0266058905505251","galambosCopula","0.208000350490183",NA
"446","3","0","-3.44169137633799e-15","huslerReissCopula","0.0678243203757666",NA
"447","3","0","0.156198461820729","tevCopula","-0.655461118337598","1.28603957674524"
"448","3","0","0.286760690232406","tCopula","0.101804531391817","6.76031439840994"
"449","3","0","0.181206351000641","rot gumbelCopula","1.05835112406232",NA
"450","3","0","0.136086939187084","rot galambosCopula","0.257272767653847",NA
"451","3","0","0.130184064386042","rot huslerReissCopula","0.544370945197157",NA
"452","3","1","0","Independent",NA,NA
"453","3","1","0.0792557200411266","normalCopula","-0.055344758297806",NA
"454","3","1","0.0257100725582959","claytonCopula","0.0332246908566065",NA
"455","3","1","-5.70884386673354e-08","gumbelCopula","1.00000001490116",NA
"456","3","1","-Inf","galambosCopula",NA,NA
"457","3","1","-Inf","huslerReissCopula",NA,NA
"458","3","1","-Inf","tevCopula",NA,NA
"459","3","1","0.675492022453224","tCopula","-0.0608495198100861","4.0141057706515"
"460","3","1","0.0136202429708054","rot gumbelCopula","1.01248307740527",NA
"461","3","1","-Inf","rot galambosCopula",NA,NA
"462","3","1","-Inf","rot huslerReissCopula",NA,NA
"463","3","2","0","Independent",NA,NA
"464","3","2","0.296464924125142","normalCopula","0.104189246601009",NA
"465","3","2","0.198907908339154","claytonCopula","0.106067393310486",NA
"466","3","2","0.97600643121203","gumbelCopula","1.11660011580018",NA
"467","3","2","0.872124275658584","galambosCopula","0.347266709681561",NA
"468","3","2","0.826735217251405","huslerReissCopula","0.663579811899805",NA
"469","3","2","1.04318708044369","tevCopula","-0.239357590638399","1.65178725762292"
"470","3","2","-Inf","tCopula",NA,NA
"471","3","2","0.453143025410897","rot gumbelCopula","1.08171239405439",NA
"472","3","2","0.405052201495099","rot galambosCopula","0.299941292938912",NA
"473","3","2","0.384516469528432","rot huslerReissCopula","0.601474206471054",NA
"474","3","3","0","Independent",NA,NA
"475","3","3","0.265895524224625","normalCopula","-0.101618090568747",NA
"476","3","3","0.0618268657015001","claytonCopula","-0.0560251626585284",NA
"477","3","3","-1.76884300075175e-07","gumbelCopula","1.00000001490116",NA
"478","3","3","-Inf","galambosCopula",NA,NA
"479","3","3","-Inf","huslerReissCopula",NA,NA
"480","3","3","-Inf","tevCopula",NA,NA
"481","3","3","0.265133145654212","tCopula","-0.101627915434472","3901.94132826919"
"482","3","3","-1.20570720001795e-07","rot gumbelCopula","1.00000001490116",NA
"483","3","3","-Inf","rot galambosCopula",NA,NA
"484","3","3","-Inf","rot huslerReissCopula",NA,NA
"485","3","4","0","Independent",NA,NA
"486","3","4","0.396234334830644","normalCopula","0.123837140376062",NA
"487","3","4","1.03638319554897","claytonCopula","0.252310456157573",NA
"488","3","4","0.10907815851483","gumbelCopula","1.0433435832513",NA
"489","3","4","0.230424230633704","galambosCopula","0.2741127519171",NA
"490","3","4","0.261224593110763","huslerReissCopula","0.585414758692565",NA
"491","3","4","0.248004184006078","tevCopula","0.835864137205425","34.1773157890162"
"492","3","4","0.579352006295595","tCopula","0.0892007387088495","5.69435082588234"
"493","3","4","0.949933458341263","rot gumbelCopula","1.11897434949255",NA
"494","3","4","0.944980142039438","rot galambosCopula","0.359888196566667",NA
"495","3","4","0.923621554779636","rot huslerReissCopula","0.685909204266432",NA
"496","4","0","0","Independent",NA,NA
"497","4","0","2.9983235545884","normalCopula","-0.430394528088668",NA
"498","4","0","0.523280047565962","claytonCopula","-0.167320199164137",NA
"499","4","0","-2.54360177094626e-07","gumbelCopula","1.00000001490116",NA
"500","4","0","-Inf","galambosCopula",NA,NA
"501","4","0","-Inf","huslerReissCopula",NA,NA
"502","4","0","-Inf","tevCopula",NA,NA
"503","4","0","3.26755100380907","tCopula","-0.400030580681417","4.83104360088568"
"504","4","0","-1.79793937762213e-07","rot gumbelCopula","1.00000001490116",NA
"505","4","0","-Inf","rot galambosCopula",NA,NA
"506","4","0","-Inf","rot huslerReissCopula",NA,NA
"507","4","1","0","Independent",NA,NA
"508","4","1","0.00189178394111233","normalCopula","0.00823824349445561",NA
"509","4","1","0.197169342592648","claytonCopula","0.0945345218659292",NA
"510","4","1","-6.4795448102492e-08","gumbelCopula","1.00000001490116",NA
"511","4","1","-Inf","galambosCopula",NA,NA
"512","4","1","-Inf","huslerReissCopula",NA,NA
"513","4","1","-Inf","tevCopula",NA,NA
"514","4","1","0.00188336644390197","tCopula","0.00823710903810323","83420.4216104662"
"515","4","1","0.079258617667164","rot gumbelCopula","1.03007061058743",NA
"516","4","1","-Inf","rot galambosCopula",NA,NA
"517","4","1","-Inf","rot huslerReissCopula",NA,NA
"518","4","2","0","Independent",NA,NA
"519","4","2","8.03423547393007","normalCopula","0.466573780682982",NA
"520","4","2","6.45332471531921","claytonCopula","0.876838357957794",NA
"521","4","2","6.28439057455568","gumbelCopula","1.36873908537874",NA
"522","4","2","6.44041199705529","galambosCopula","0.646276244072991",NA
"523","4","2","6.51724668224034","huslerReissCopula","1.05104548000855",NA
"524","4","2","6.50161824612646","tevCopula","0.959953377502076","44.1611644289987"
"525","4","2","8.03409459906062","tCopula","0.466535534336474","67019.7164946592"
"526","4","2","6.74588734127235","rot gumbelCopula","1.36873174450358",NA
"527","4","2","7.51680752370471","rot galambosCopula","0.661503298397385",NA
"528","4","2","8.01159478504395","rot huslerReissCopula","1.10544481781058",NA
"529","4","3","0","Independent",NA,NA
"530","4","3","0.857369279554948","normalCopula","-0.172681798491487",NA
"531","4","3","0.232972321709329","claytonCopula","-0.0981610976783281",NA
"532","4","3","-3.17233262281998e-07","gumbelCopula","1.00000001490116",NA
"533","4","3","-Inf","galambosCopula",NA,NA
"534","4","3","-Inf","huslerReissCopula",NA,NA
"535","4","3","-Inf","tevCopula",NA,NA
"536","4","3","0.856105609646294","tCopula","-0.17266754625218","7023.84807584895"
"537","4","3","-1.70984439185409e-07","rot gumbelCopula","1.00000001490116",NA
"538","4","3","-Inf","rot galambosCopula",NA,NA
"539","4","3","-Inf","rot huslerReissCopula",NA,NA
"540","4","4","0","Independent",NA,NA
"541","4","4","0.000321664053105852","normalCopula","0.00513198724552903",NA
"542","4","4","0.123342633927358","claytonCopula","0.120671242396401",NA
"543","4","4","0.000159637672544032","gumbelCopula","1.00234538537773",NA
"544","4","4","-1.71829217526288e-12","galambosCopula","0.0256626395845242",NA
"545","4","4","-2.35530484097048e-11","huslerReissCopula","0.149867505102532",NA
"546","4","4","-Inf","tevCopula",NA,NA
"547","4","4","0.108104491880446","tCopula","0.00291802546959188","5.25859122884785"
"548","4","4","0.05898470659626","rot gumbelCopula","1.04093012574764",NA
"549","4","4","0.0873240695960909","rot galambosCopula","0.258097873828232",NA
"550","4","4","0.0931859446711167","rot huslerReissCopula","0.557101865698472",NA
"551","5","0","0","Independent",NA,NA
"552","5","0","0.362499474527116","normalCopula","0.119432177494532",NA
"553","5","0","0.221929065706237","claytonCopula","0.114963485349822",NA
"554","5","0","0.496848424417068","gumbelCopula","1.08783745894643",NA
"555","5","0","0.561422300331123","galambosCopula","0.325275097595165",NA
"556","5","0","0.580381184975505","huslerReissCopula","0.648198551799608",NA
"557","5","0","0.569117426102912","tevCopula","0.804695159442436","22.954569142249"
"558","5","0","0.362444979597973","tCopula","0.119422979520589","19653.6738740467"
"559","5","0","0.221872124495945","rot gumbelCopula","1.05837022758017",NA
"560","5","0","0.400694354115269","rot galambosCopula","0.296913269226277",NA
"561","5","0","0.445760733922345","rot huslerReissCopula","0.617673244439483",NA
"562","5","1","0","Independent",NA,NA
"563","5","1","0.342208500085428","normalCopula","0.115840349942295",NA
"564","5","1","0.82432928576615","claytonCopula","0.211139337440169",NA
"565","5","1","0.00778936204090479","gumbelCopula","1.01161305363698",NA
"566","5","1","0.12591434595806","galambosCopula","0.244225099850366",NA
"567","5","1","0.157662279902564","huslerReissCopula","0.550096724513774",NA
"568","5","1","0.139658545314996","tevCopula","0.772255513261055","27.8294899041669"
"569","5","1","0.34215849446795","tCopula","0.115461644957763","102989.826658688"
"570","5","1","0.430129337462523","rot gumbelCopula","1.07610873739629",NA
"571","5","1","0.764767068333785","rot galambosCopula","0.333490550420272",NA
"572","5","1","0.856788448283859","rot huslerReissCopula","0.673742885891178",NA
"573","5","2","0","Independent",NA,NA
"574","5","2","4.08957094472473","normalCopula","0.372877090857196",NA
"575","5","2","0.236343982976389","claytonCopula","0.507181516852478",NA
"576","5","2","6.49690997922749","gumbelCopula","1.36327344272016",NA
"577","5","2","6.55725852904906","galambosCopula","0.644351466641886",NA
"578","5","2","6.57981666151798","huslerReissCopula","1.05652830061131",NA
"579","5","2","6.57189867516641","tevCopula","0.925056913406564","23.0610317407148"
"580","5","2","4.09531259499181","tCopula","0.356634400513034","12.2794130671027"
"581","5","2","1.91937595404009","rot gumbelCopula","1.20667747627742",NA
"582","5","2","2.21835868072375","rot galambosCopula","0.475714708324049",NA
"583","5","2","2.37415382260747","rot huslerReissCopula","0.856398670484863",NA
"584","5","3","0","Independent",NA,NA
"585","5","3","0.00706666109344489","normalCopula","0.0167873295276655",NA
"586","5","3","-0.247122359087963","claytonCopula","0.10362837855671",NA
"587","5","3","0.131450016238548","gumbelCopula","1.04716228550431",NA
"588","5","3","0.0176338587343619","galambosCopula","0.200884784061522",NA
"589","5","3","0.00692819743171637","huslerReissCopula","0.432721157041487",NA
"590","5","3","0.326502979272038","tevCopula","-0.720161576670103","0.893116876162283"
"591","5","3","0.0664972016834089","tCopula","0.0323902432365188","9.63611045590562"
"592","5","3","-2.19022055387985e-08","rot gumbelCopula","1.00000001490116",NA
"593","5","3","0.000384704653907713","rot galambosCopula","0.119073308367891",NA
"594","5","3","1.64156465884394e-11","rot huslerReissCopula","0.151350058459466",NA
"595","5","4","0","Independent",NA,NA
"596","5","4","9.96854486004115","normalCopula","0.53654166427125",NA
"597","5","4","3.8990845185391","claytonCopula","1.01944522394273",NA
"598","5","4","10.7068807581477","gumbelCopula","1.52060989696771",NA
"599","5","4","11.3239156138448","galambosCopula","0.822934077539309",NA
"600","5","4","11.7832150751344","huslerReissCopula","1.30460483029693",NA
"601","5","4","11.6860568420633","tevCopula","0.97184487574569","41.4003124147132"
"602","5","4","-Inf","tCopula",NA,NA
"603","5","4","7.11551266257593","rot gumbelCopula","1.42912558770866",NA
"604","5","4","7.47164756576262","rot galambosCopula","0.712867290716392",NA
"605","5","4","7.72541710590164","rot huslerReissCopula","1.14626850005746",NA
"606","6","0","0","Independent",NA,NA
"607","6","0","8.14458222613925","normalCopula","-0.477105995774193",NA
"608","6","0","5.2209810420013","claytonCopula","-0.255366314339009",NA
"609","6","0","-5.0091170443467e-07","gumbelCopula","1.00000001490116",NA
"610","6","0","-Inf","galambosCopula",NA,NA
"611","6","0","-Inf","huslerReissCopula",NA,NA
"612","6","0","-Inf","tevCopula",NA,NA
"613","6","0","9.17060806825408","tCopula","-0.448243362598208","2.87898483484062"
"614","6","0","-6.08372551530456e-07","rot gumbelCopula","1.00000001490116",NA
"615","6","0","-Inf","rot galambosCopula",NA,NA
"616","6","0","-Inf","rot huslerReissCopula",NA,NA
"617","6","1","0","Independent",NA,NA
"618","6","1","2.23590193412403","normalCopula","-0.278931994494455",NA
"619","6","1","0.241131451193618","claytonCopula","-0.0800854092385614",NA
"620","6","1","-2.6761944994097e-07","gumbelCopula","1.00000001490116",NA
"621","6","1","-Inf","galambosCopula",NA,NA
"622","6","1","-Inf","huslerReissCopula",NA,NA
"623","6","1","-Inf","tevCopula",NA,NA
"624","6","1","-Inf","tCopula",NA,NA
"625","6","1","-1.85799291507749e-07","rot gumbelCopula","1.00000001490116",NA
"626","6","1","-Inf","rot galambosCopula",NA,NA
"627","6","1","-Inf","rot huslerReissCopula",NA,NA
"628","6","2","0","Independent",NA,NA
"629","6","2","0.121232445110125","normalCopula","0.0690897264536429",NA
"630","6","2","-0.0690972070436114","claytonCopula","0.0187019894126268",NA
"631","6","2","0.399873390397524","gumbelCopula","1.07423751222425",NA
"632","6","2","0.526231754214566","galambosCopula","0.313523885453135",NA
"633","6","2","0.570465699319093","huslerReissCopula","0.63873473174878",NA
"634","6","2","0.550602372671792","tevCopula","0.846786027747246","30.8156770324289"
"635","6","2","0.120460718978876","tCopula","0.0689886063951668","6770.21109857414"
"636","6","2","-8.72697622188168e-08","rot gumbelCopula","1.00000001490116",NA
"637","6","2","0.00461699028200293","rot galambosCopula","0.146251160563257",NA
"638","6","2","0.0089655153790867","rot huslerReissCopula","0.409055564696651",NA
"639","6","3","0","Independent",NA,NA
"640","6","3","6.98243520977691","normalCopula","0.458914320079928",NA
"641","6","3","5.35334353296876","claytonCopula","0.821958308632736",NA
"642","6","3","6.59635079007692","gumbelCopula","1.38525199384325",NA
"643","6","3","7.01811761381396","galambosCopula","0.669190449307964",NA
"644","6","3","7.30703819409601","huslerReissCopula","1.10153661037236",NA
"645","6","3","7.24487553089479","tevCopula","0.964525413430349","45.9135685728025"
"646","6","3","7.01535241692833","tCopula","0.456978120585669","20.5308416896778"
"647","6","3","6.55314634889505","rot gumbelCopula","1.39327692167797",NA
"648","6","3","6.50236672574011","rot galambosCopula","0.672333853211736",NA
"649","6","3","6.27644393650775","rot huslerReissCopula","1.06314132829148",NA
"650","6","4","0","Independent",NA,NA
"651","6","4","0.235883167693838","normalCopula","-0.0955856029854336",NA
"652","6","4","0.0164892092214545","claytonCopula","-0.0260452257908066",NA
"653","6","4","-1.7001927662269e-07","gumbelCopula","1.00000001490116",NA
"654","6","4","-Inf","galambosCopula",NA,NA
"655","6","4","-Inf","huslerReissCopula",NA,NA
"656","6","4","-Inf","tevCopula",NA,NA
"657","6","4","0.235645875726264","tCopula","-0.0951117319755326","5704.55674332309"
"658","6","4","-9.11207703215011e-08","rot gumbelCopula","1.00000001490116",NA
"659","6","4","-Inf","rot galambosCopula",NA,NA
"660","6","4","-Inf","rot huslerReissCopula",NA,NA
"661","7","0","0","Independent",NA,NA
"662","7","0","3.45084826824678","normalCopula","0.334189211801715",NA
"663","7","0","3.27174534584011","claytonCopula","0.522939506791132",NA
"664","7","0","1.91770998452789","gumbelCopula","1.20012333797067",NA
"665","7","0","2.25665980364941","galambosCopula","0.472853068540692",NA
"666","7","0","2.40386803074584","huslerReissCopula","0.851050193882327",NA
"667","7","0","2.3690332588988","tevCopula","0.942988564643193","47.5749032994838"
"668","7","0","3.44960977290165","tCopula","0.333711601066448","7231.79762151987"
"669","7","0","2.93627750655594","rot gumbelCopula","1.24048784378014",NA
"670","7","0","3.24921559880273","rot galambosCopula","0.514884729389041",NA
"671","7","0","3.40647020332906","rot huslerReissCopula","0.903439060642897",NA
"672","7","1","0","Independent",NA,NA
"673","7","1","4.59501438449341","normalCopula","-0.38045156647904",NA
"674","7","1","6.21128330426473","claytonCopula","-0.326965622515073",NA
"675","7","1","-4.38721598966518e-07","gumbelCopula","1.00000001490116",NA
"676","7","1","-Inf","galambosCopula",NA,NA
"677","7","1","-Inf","huslerReissCopula",NA,NA
"678","7","1","-Inf","tevCopula",NA,NA
"679","7","1","4.59476025775185","tCopula","-0.380425264133314","3441.95471333496"
"680","7","1","-4.46801728498994e-07","rot gumbelCopula","1.00000001490116",NA
"681","7","1","-Inf","rot galambosCopula",NA,NA
"682","7","1","-Inf","rot huslerReissCopula",NA,NA
"683","7","2","0","Independent",NA,NA
"684","7","2","9.55743057640568","normalCopula","0.496430722681406",NA
"685","7","2","4.62777636374656","claytonCopula","0.904335633896018",NA
"686","7","2","11.0973850295968","gumbelCopula","1.4900918915712",NA
"687","7","2","11.2222452816061","galambosCopula","0.772845239181586",NA
"688","7","2","11.304936262977","huslerReissCopula","1.21096941427244",NA
"689","7","2","11.2815506154253","tevCopula","0.957504074689381","31.2769123110668"
"690","7","2","9.75484512398553","tCopula","0.479585685780049","7.18958939868257"
"691","7","2","7.41029448800225","rot gumbelCopula","1.39692047537921",NA
"692","7","2","7.75820743605851","rot galambosCopula","0.67438208742714",NA
"693","7","2","7.99439999933583","rot huslerReissCopula","1.09737951829323",NA
"694","7","3","0","Independent",NA,NA
"695","7","3","4.9328860067823","normalCopula","-0.385309253445374",NA
"696","7","3","0.894321413009761","claytonCopula","-0.121987183575757",NA
"697","7","3","-4.3631518725773e-07","gumbelCopula","1.00000001490116",NA
"698","7","3","-Inf","galambosCopula",NA,NA
"699","7","3","-Inf","huslerReissCopula",NA,NA
"700","7","3","-Inf","tevCopula",NA,NA
"701","7","3","7.59756343341157","tCopula","-0.297098853263585","1.92946884289917"
"702","7","3","-3.73931141182948e-07","rot gumbelCopula","1.00000001490116",NA
"703","7","3","-Inf","rot galambosCopula",NA,NA
"704","7","3","-Inf","rot huslerReissCopula",NA,NA
"705","7","4","0","Independent",NA,NA
"706","7","4","0.121527285209794","normalCopula","-0.0690707524353381",NA
"707","7","4","0.011161898318463","claytonCopula","-0.0259473582971179",NA
"708","7","4","-1.54564231861359e-07","gumbelCopula","1.00000001490116",NA
"709","7","4","-Inf","galambosCopula",NA,NA
"710","7","4","-Inf","huslerReissCopula",NA,NA
"711","7","4","-Inf","tevCopula",NA,NA
"712","7","4","0.120762972956335","tCopula","-0.0693961387996524","7630.65794958934"
"713","7","4","-6.66413885741513e-08","rot gumbelCopula","1.00000001490116",NA
"714","7","4","-Inf","rot galambosCopula",NA,NA
"715","7","4","-Inf","rot huslerReissCopula",NA,NA
"716","8","0","0","Independent",NA,NA
"717","8","0","22.6247733222239","normalCopula","0.709198933066598",NA
"718","8","0","22.5853400757288","claytonCopula","2.23254271300027",NA
"719","8","0","17.9235902669312","gumbelCopula","1.81334709933311",NA
"720","8","0","18.0329427827281","galambosCopula","1.09190684042734",NA
"721","8","0","17.9475385573463","huslerReissCopula","1.54801890801587",NA
"722","8","0","18.0267246627152","tevCopula","0.938987395551306","12.3724602623615"
"723","8","0","22.6239045355008","tCopula","0.709234272823587","652.745744609687"
"724","8","0","24.3371258722149","rot gumbelCopula","1.99432912974921",NA
"725","8","0","24.4197150527322","rot galambosCopula","1.28834604645196",NA
"726","8","0","24.3439177040384","rot huslerReissCopula","1.79941579880752",NA
"727","8","1","0","Independent",NA,NA
"728","8","1","0.146187601074553","normalCopula","0.0739518642422607",NA
"729","8","1","0.940372203983234","claytonCopula","0.232568271087505",NA
"730","8","1","0.376383757545653","gumbelCopula","1.07701017056864",NA
"731","8","1","0.113902416685267","galambosCopula","0.250498895749158",NA
"732","8","1","0.077432309762349","huslerReissCopula","0.511701230895503",NA
"733","8","1","1.41364068316841","tevCopula","-0.649358681840794","0.491836674717224"
"734","8","1","-Inf","tCopula",NA,NA
"735","8","1","0.794026569725586","rot gumbelCopula","1.11009170789252",NA
"736","8","1","0.707883838838237","rot galambosCopula","0.33633324622338",NA
"737","8","1","0.684182269030024","rot huslerReissCopula","0.6517291839044",NA
"738","8","2","0","Independent",NA,NA
"739","8","2","5.70316199403862","normalCopula","0.421215301789576",NA
"740","8","2","4.34017203689264","claytonCopula","0.610345876725307",NA
"741","8","2","4.79667135847723","gumbelCopula","1.30472595983291",NA
"742","8","2","5.42428785916463","galambosCopula","0.597469241836363",NA
"743","8","2","5.75418761829422","huslerReissCopula","1.02211397314556",NA
"744","8","2","5.69308654350498","tevCopula","0.964763988160613","53.9169816806329"
"745","8","2","5.70298251502397","tCopula","0.421280297421671","47146.7948230134"
"746","8","2","4.41189473306178","rot gumbelCopula","1.28947865034755",NA
"747","8","2","5.16498947896096","rot galambosCopula","0.585533874391676",NA
"748","8","2","5.57392362647846","rot huslerReissCopula","1.01446827597201",NA
"749","8","3","0","Independent",NA,NA
"750","8","3","0.854549573863481","normalCopula","0.171590709398544",NA
"751","8","3","0.818465901781934","claytonCopula","0.21719627941996",NA
"752","8","3","0.539625116036263","gumbelCopula","1.09110362698963",NA
"753","8","3","0.704549281280493","galambosCopula","0.337267942992991",NA
"754","8","3","0.754844521091346","huslerReissCopula","0.669768315218023",NA
"755","8","3","0.740007642999672","tevCopula","0.903405047188621","45.00001559867"
"756","8","3","0.85371086773243","tCopula","0.172103228706938","5114.41430815118"
"757","8","3","0.669412858754331","rot gumbelCopula","1.09983477101913",NA
"758","8","3","0.939991652069342","rot galambosCopula","0.352956207982868",NA
"759","8","3","1.01976861719353","rot huslerReissCopula","0.694185434252048",NA
"760","8","4","0","Independent",NA,NA
"761","8","4","0.345060461371894","normalCopula","0.115115467388426",NA
"762","8","4","-0.395381344157869","claytonCopula","0.188671589330002",NA
"763","8","4","1.01666562906928","gumbelCopula","1.12913125028262",NA
"764","8","4","0.819215010243872","galambosCopula","0.361471391002634",NA
"765","8","4","0.719145956387118","huslerReissCopula","0.671481693438332",NA
"766","8","4","1.17202593686715","tevCopula","-0.202764033682756","1.60314262262336"
"767","8","4","0.644418906150196","tCopula","0.116333105783553","5.35168371007324"
"768","8","4","0.0662508066822203","rot gumbelCopula","1.03519603792029",NA
"769","8","4","0.131418120583732","rot galambosCopula","0.250799276228609",NA
"770","8","4","0.147371803858032","rot huslerReissCopula","0.54902256494673",NA
"771","9","0","0","Independent",NA,NA
"772","9","0","3.03925375493321","normalCopula","0.336773449699375",NA
"773","9","0","4.71461972948358","claytonCopula","0.588177276171104",NA
"774","9","0","2.01449993084968","gumbelCopula","1.22503926440475",NA
"775","9","0","1.7848307880229","galambosCopula","0.474159246353759",NA
"776","9","0","1.68256157801429","huslerReissCopula","0.819825032443608",NA
"777","9","0","2.3733434502624","tevCopula","-0.173993476199654","0.984079422198172"
"778","9","0","3.03910927778544","tCopula","0.336768323246492","10073.6263362646"
"779","9","0","3.74156114769504","rot gumbelCopula","1.27771738362682",NA
"780","9","0","4.14744008261891","rot galambosCopula","0.561615690071035",NA
"781","9","0","4.36500161135084","rot huslerReissCopula","0.972053073662153",NA
"782","9","1","0","Independent",NA,NA
"783","9","1","16.9165604461046","normalCopula","0.618204190804583",NA
"784","9","1","11.2722147321672","claytonCopula","1.24853224651169",NA
"785","9","1","18.4046548152494","gumbelCopula","1.69584569413548",NA
"786","9","1","18.834535025785","galambosCopula","0.996182768628935",NA
"787","9","1","19.2452360537678","huslerReissCopula","1.50158375767627",NA
"788","9","1","19.1487933000856","tevCopula","0.976028475834097","36.5412614360636"
"789","9","1","17.4200631872278","tCopula","0.588291688941451","4.230126497115"
"790","9","1","15.2696462588649","rot gumbelCopula","1.64149247256784",NA
"791","9","1","15.0704151046704","rot galambosCopula","0.931120419764722",NA
"792","9","1","14.3069672825441","rot huslerReissCopula","1.3381461705824",NA
"793","9","2","0","Independent",NA,NA
"794","9","2","32.4233231179751","normalCopula","0.796325772502548",NA
"795","9","2","9.70577600064786","claytonCopula","3.0089693362797",NA
"796","9","2","33.501848593377","gumbelCopula","2.35706786287388",NA
"797","9","2","33.6922730330411","galambosCopula","1.65771416450146",NA
"798","9","2","33.8748392037221","huslerReissCopula","2.24605946878633",NA
"799","9","2","33.823718952057","tevCopula","0.979385796216589","18.4465630837031"
"800","9","2","32.4203745739008","tCopula","0.796299764451543","1174.59823868074"
"801","9","2","26.7100862638343","rot gumbelCopula","2.12173853464688",NA
"802","9","2","27.1256817879854","rot galambosCopula","1.41010115445552",NA
"803","9","2","27.6714057183978","rot huslerReissCopula","1.96150080792954",NA
"804","9","3","0","Independent",NA,NA
"805","9","3","9.58859068381282","normalCopula","0.506589151798179",NA
"806","9","3","8.80295304761843","claytonCopula","0.947572406392436",NA
"807","9","3","6.42840483334225","gumbelCopula","1.39209153427345",NA
"808","9","3","7.08671766538479","galambosCopula","0.681392763167231",NA
"809","9","3","7.49790563880703","huslerReissCopula","1.11640404923173",NA
"810","9","3","7.41349056945795","tevCopula","0.96594624867173","46.4882946001584"
"811","9","3","9.5832637094889","tCopula","0.506502446324459","2043.49624636448"
"812","9","3","9.02931809346361","rot gumbelCopula","1.45924313660724",NA
"813","9","3","9.12550760874181","rot galambosCopula","0.745523896187831",NA
"814","9","3","9.05312498364185","rot huslerReissCopula","1.16172188912385",NA
"815","9","4","0","Independent",NA,NA
"816","9","4","35.8019597420034","normalCopula","0.781119142634779",NA
"817","9","4","16.0041169046047","claytonCopula","3.39295187565716",NA
"818","9","4","29.3084827128652","gumbelCopula","2.0805151384884",NA
"819","9","4","29.4446651419825","galambosCopula","1.35946119176463",NA
"820","9","4","29.1311158508675","huslerReissCopula","1.83313152857457",NA
"821","9","4","29.4451700866948","tevCopula","0.948269092861785","10.0190538265137"
"822","9","4","35.8006562994582","tCopula","0.780958144497425","8919.70844530002"
"823","9","4","33.143789747885","rot gumbelCopula","2.17600650198599",NA
"824","9","4","33.447009142654","rot galambosCopula","1.46049499149676",NA
"825","9","4","33.8216933724712","rot huslerReissCopula","1.99935345620753",NA
