"","P","ll","D","W","copula","params1","params2"
"1","0","0","400","8","Independent",NA,NA
"2","0","84.5173378792945","400","8","normalCopula","0.787884035954833",NA
"3","0","71.9733360902142","400","8","claytonCopula","3.35809443363192",NA
"4","0","69.0051806082628","400","8","gumbelCopula","2.12486970037689",NA
"5","0","67.7494813390296","400","8","galambosCopula","1.39435756567669",NA
"6","0","62.7993619818478","400","8","huslerReissCopula","1.74980416607147",NA
"7","0","69.9271780043073","400","8","tevCopula","0.861720061772947","2.79957333247366"
"8","0","84.9958082771159","400","8","tCopula","0.791566397407156","16.9905880530637"
"9","0","89.0960015968168","400","8","rot gumbelCopula","2.34841932317977",NA
"10","0","89.6904726002333","400","8","rot galambosCopula","1.64182891719529",NA
"11","0","90.4948009635948","400","8","rot huslerReissCopula","2.22651310388112",NA
"12","0","0","400","24","Independent",NA,NA
"13","0","18.7701224194824","400","24","normalCopula","0.453467078026364",NA
"14","0","14.588122693025","400","24","claytonCopula","0.890884576711238",NA
"15","0","11.919065570916","400","24","gumbelCopula","1.32237125203372",NA
"16","0","13.0385426516877","400","24","galambosCopula","0.595821352708921",NA
"17","0","13.7449547257925","400","24","huslerReissCopula","1.00263667587414",NA
"18","0","13.6351375067246","400","24","tevCopula","0.970654960191503","66.9891003068089"
"19","0","18.7656853669908","400","24","tCopula","0.453442507109596","6851.19278064798"
"20","0","15.7873891648738","400","24","rot gumbelCopula","1.36800726672381",NA
"21","0","16.6931193424676","400","24","rot galambosCopula","0.647994918195108",NA
"22","0","17.1615489989547","400","24","rot huslerReissCopula","1.05936344155493",NA
"23","0","0","400","70","Independent",NA,NA
"24","0","29.5206073420735","400","70","normalCopula","0.550083532406987",NA
"25","0","29.0544571305625","400","70","claytonCopula","1.11696178243746",NA
"26","0","18.6175203163271","400","70","gumbelCopula","1.42422043231693",NA
"27","0","19.7068705368161","400","70","galambosCopula","0.705269611833802",NA
"28","0","20.1731782833174","400","70","huslerReissCopula","1.12475042962518",NA
"29","0","20.1156115653258","400","70","tevCopula","0.965888150643561","45.2073156902403"
"30","0","29.5089416588181","400","70","tCopula","0.550004887912694","2850.10005412389"
"31","0","27.3610517546932","400","70","rot gumbelCopula","1.51372688992956",NA
"32","0","29.4966923939653","400","70","rot galambosCopula","0.808569451862167",NA
"33","0","31.2091278982175","400","70","rot huslerReissCopula","1.28490587029868",NA
"34","0","0","770","8","Independent",NA,NA
"35","0","43.118368801474","770","8","normalCopula","0.631929267154795",NA
"36","0","32.1676199131759","770","8","claytonCopula","1.82127811654346",NA
"37","0","31.8204520598464","770","8","gumbelCopula","1.60428413801324",NA
"38","0","32.865598627707","770","8","galambosCopula","0.880767028054248",NA
"39","0","33.5588412086295","770","8","huslerReissCopula","1.32692314364618",NA
"40","0","33.4431321417793","770","8","tevCopula","0.970988752689453","38.0347250916988"
"41","0","43.1023978899818","770","8","tCopula","0.631946718144066","735.732014619287"
"42","0","42.245898056951","770","8","rot gumbelCopula","1.72025528229369",NA
"43","0","42.3845794081667","770","8","rot galambosCopula","1.00236930384495",NA
"44","0","41.8028726806225","770","8","rot huslerReissCopula","1.44283534217826",NA
"45","0","0","770","24","Independent",NA,NA
"46","0","41.1535474780865","770","24","normalCopula","0.623929467935217",NA
"47","0","25.0740096622785","770","24","claytonCopula","1.61823633587276",NA
"48","0","41.187318184406","770","24","gumbelCopula","1.72414384443967",NA
"49","0","40.5372289504989","770","24","galambosCopula","0.996770861048356",NA
"50","0","39.1936776866889","770","24","huslerReissCopula","1.41084469813379",NA
"51","0","41.1671151725668","770","24","tevCopula","0.773003815614381","3.10188765556485"
"52","0","43.0764867282753","770","24","tCopula","0.63453970982139","6.8602899524748"
"53","0","38.9762792712523","770","24","rot gumbelCopula","1.70033318723396",NA
"54","0","38.1679727276165","770","24","rot galambosCopula","0.966822340022282",NA
"55","0","36.9316803136788","770","24","rot huslerReissCopula","1.37785691813259",NA
"56","0","0","770","70","Independent",NA,NA
"57","0","0.143248650675509","770","70","normalCopula","-0.0430530664359474",NA
"58","0","0.00111296042401834","770","70","claytonCopula","0.00471130786059012",NA
"59","0","-2.93215797800479e-07","770","70","gumbelCopula","1.00000001490116",NA
"60","0","7.77156117237609e-15","770","70","galambosCopula","0.0150489711777489",NA
"61","0","4.88498130835069e-15","770","70","huslerReissCopula","0.0957083500283271",NA
"62","0","-Inf","770","70","tevCopula",NA,NA
"63","0","0.171321076929049","770","70","tCopula","-0.0327816319732123","25.1746250214505"
"64","0","-3.04726932845098e-08","770","70","rot gumbelCopula","1.00000001490116",NA
"65","0","-2.10576001081197e-12","770","70","rot galambosCopula","0.0237535926910166",NA
"66","0","-1.24621535332192e-10","770","70","rot huslerReissCopula","0.147604407894911",NA
"67","1","0","400","8","Independent",NA,NA
"68","1","49.9251679092678","400","8","normalCopula","0.675128900439871",NA
"69","1","47.088131882902","400","8","claytonCopula","2.11373591441351",NA
"70","1","38.4981493918779","400","8","gumbelCopula","1.73660196609142",NA
"71","1","37.6027793036852","400","8","galambosCopula","0.999316508656171",NA
"72","1","35.7537569443695","400","8","huslerReissCopula","1.38574153862383",NA
"73","1","38.6419691947371","400","8","tevCopula","0.753811917335954","2.65298776459943"
"74","1","49.9517841890217","400","8","tCopula","0.676795287882523","56.7996575204591"
"75","1","53.4453869548609","400","8","rot gumbelCopula","1.8877233452955",NA
"76","1","53.5853397489362","400","8","rot galambosCopula","1.17327218064984",NA
"77","1","53.2713940684507","400","8","rot huslerReissCopula","1.64944649576841",NA
"78","1","0","400","24","Independent",NA,NA
"79","1","59.0095572590566","400","24","normalCopula","0.713663607361659",NA
"80","1","36.880253037044","400","24","claytonCopula","2.35113786510477",NA
"81","1","49.7537955502095","400","24","gumbelCopula","1.86255276400256",NA
"82","1","49.7208883767332","400","24","galambosCopula","1.13549030011918",NA
"83","1","49.0788408908549","400","24","huslerReissCopula","1.58015229834241",NA
"84","1","49.6576340372524","400","24","tevCopula","0.913233054254231","7.81588420986181"
"85","1","59.0084161604094","400","24","tCopula","0.713667722867654","10248.6885619015"
"86","1","55.6520232915153","400","24","rot gumbelCopula","1.93098523951117",NA
"87","1","55.7677737518229","400","24","rot galambosCopula","1.20525383454983",NA
"88","1","56.0542819840304","400","24","rot huslerReissCopula","1.6895577726202",NA
"89","1","0","400","70","Independent",NA,NA
"90","1","59.7149829949989","400","70","normalCopula","0.708403734634628",NA
"91","1","25.9877047253074","400","70","claytonCopula","2.12536107307979",NA
"92","1","57.6560576863702","400","70","gumbelCopula","1.91478011521177",NA
"93","1","57.8860441342519","400","70","galambosCopula","1.20559654433658",NA
"94","1","56.892125479916","400","70","huslerReissCopula","1.67137746028511",NA
"95","1","57.9544401835046","400","70","tevCopula","0.916078388314636","7.25226850420984"
"96","1","59.7142547960298","400","70","tCopula","0.708411266003668","4746.71295800543"
"97","1","50.5488042343318","400","70","rot gumbelCopula","1.8408025870622",NA
"98","1","50.8576876304437","400","70","rot galambosCopula","1.12072611818716",NA
"99","1","50.3156885664281","400","70","rot huslerReissCopula","1.56920015864378",NA
"100","1","0","770","8","Independent",NA,NA
"101","1","49.9371690720781","770","8","normalCopula","0.677148549986409",NA
"102","1","46.2434005125635","770","8","claytonCopula","2.01939596191196",NA
"103","1","35.5884163827874","770","8","gumbelCopula","1.68465317253664",NA
"104","1","36.0898548201877","770","8","galambosCopula","0.956964529016909",NA
"105","1","36.2215301662475","770","8","huslerReissCopula","1.39516923495782",NA
"106","1","36.2502562558217","770","8","tevCopula","0.963687502424966","26.8918778135255"
"107","1","49.9336985792229","770","8","tCopula","0.677136665268541","5045.48952202708"
"108","1","51.3765796463396","770","8","rot gumbelCopula","1.8493139631086",NA
"109","1","52.324006049114","770","8","rot galambosCopula","1.14062778414214",NA
"110","1","53.4073516797003","770","8","rot huslerReissCopula","1.65586993732503",NA
"111","1","0","770","24","Independent",NA,NA
"112","1","27.1399943658578","770","24","normalCopula","0.534202357319449",NA
"113","1","31.3967935483199","770","24","claytonCopula","1.23447207122198",NA
"114","1","17.3223655346066","770","24","gumbelCopula","1.42899005163279",NA
"115","1","17.4416480030407","770","24","galambosCopula","0.693703251529038",NA
"116","1","17.2438011190335","770","24","huslerReissCopula","1.08656373334505",NA
"117","1","17.444202761906","770","24","tevCopula","0.847743139827353","9.71156486903013"
"118","1","27.1388063915957","770","24","tCopula","0.534217469831785","6336.15364075677"
"119","1","30.2330845055714","770","24","rot gumbelCopula","1.56727582497081",NA
"120","1","30.4303091277152","770","24","rot galambosCopula","0.843324816155587",NA
"121","1","30.6360468126083","770","24","rot huslerReissCopula","1.28246471181978",NA
"122","1","0","770","70","Independent",NA,NA
"123","1","51.5876828606098","770","70","normalCopula","0.676316430283201",NA
"124","1","42.2877609728497","770","70","claytonCopula","2.15117161134862",NA
"125","1","37.5595300447068","770","70","gumbelCopula","1.71058594442714",NA
"126","1","37.1990370334923","770","70","galambosCopula","0.974356681647762",NA
"127","1","36.2034150666994","770","70","huslerReissCopula","1.37860420439126",NA
"128","1","37.3140622928479","770","70","tevCopula","0.837061921778742","4.86948565095379"
"129","1","51.5833275028196","770","70","tCopula","0.676329421900373","3362.74238298348"
"130","1","52.0756140154372","770","70","rot gumbelCopula","1.85361638089405",NA
"131","1","52.6954703057662","770","70","rot galambosCopula","1.13658917309171",NA
"132","1","53.2183540670601","770","70","rot huslerReissCopula","1.62587311437593",NA
"133","2","0","400","8","Independent",NA,NA
"134","2","4.87063260325606","400","8","normalCopula","0.24514139735722",NA
"135","2","5.79909681715894","400","8","claytonCopula","0.350468547067364",NA
"136","2","4.42332155020218","400","8","gumbelCopula","1.16532658670244",NA
"137","2","4.32210067435506","400","8","galambosCopula","0.412351440702043",NA
"138","2","4.17421314053643","400","8","huslerReissCopula","0.747814746930325",NA
"139","2","4.50256734391351","400","8","tevCopula","0.253040851261099","3.15216591937719"
"140","2","5.68219616518478","400","8","tCopula","0.221801224210269","6.02433344432057"
"141","2","6.00610687866922","400","8","rot gumbelCopula","1.18301427806025",NA
"142","2","6.2722838879255","400","8","rot galambosCopula","0.440999248550479",NA
"143","2","6.33581188272638","400","8","rot huslerReissCopula","0.796846034105655",NA
"144","2","0","400","24","Independent",NA,NA
"145","2","3.03497141588358","400","24","normalCopula","0.196840329059408",NA
"146","2","7.14192031762904","400","24","claytonCopula","0.391068410819454",NA
"147","2","0.632668332072459","400","24","gumbelCopula","1.06593487693453",NA
"148","2","0.945864098058402","400","24","galambosCopula","0.296783524021295",NA
"149","2","1.04711905061998","400","24","huslerReissCopula","0.61357631519549",NA
"150","2","1.01231486186584","400","24","tevCopula","0.876357897543352","41.6115199213359"
"151","2","3.0523771224838","400","24","tCopula","0.194315400300321","42.5864334189608"
"152","2","5.89120526020112","400","24","rot gumbelCopula","1.17584825501322",NA
"153","2","5.95918187349149","400","24","rot galambosCopula","0.431849467145659",NA
"154","2","5.89752369604584","400","24","rot huslerReissCopula","0.78047236974543",NA
"155","2","0","400","70","Independent",NA,NA
"156","2","17.5573375726791","400","70","normalCopula","0.439904313315524",NA
"157","2","27.738328199243","400","70","claytonCopula","0.881408799914144",NA
"158","2","7.81084452812946","400","70","gumbelCopula","1.26898135564288",NA
"159","2","8.26171852550484","400","70","galambosCopula","0.525090670569796",NA
"160","2","8.61916780195508","400","70","huslerReissCopula","0.904820549144843",NA
"161","2","8.54100211901545","400","70","tevCopula","0.955002042710172","53.2696057699965"
"162","2","17.5360659857199","400","70","tCopula","0.439880685684113","523.064460960848"
"163","2","22.5753987057911","400","70","rot gumbelCopula","1.44029258702548",NA
"164","2","23.0431577534511","400","70","rot galambosCopula","0.720368466298402",NA
"165","2","23.294175289808","400","70","rot huslerReissCopula","1.14306724549541",NA
"166","2","0","770","8","Independent",NA,NA
"167","2","4.34171469331088","770","8","normalCopula","0.234549742000181",NA
"168","2","2.73246445347396","770","8","claytonCopula","0.335431284391602",NA
"169","2","3.56494042392579","770","8","gumbelCopula","1.14707508731842",NA
"170","2","4.17139592529836","770","8","galambosCopula","0.401922094196502",NA
"171","2","4.41012897799295","770","8","huslerReissCopula","0.754772096236209",NA
"172","2","4.3647788280758","770","8","tevCopula","0.946049922831955","64.1744919573877"
"173","2","4.34140104386274","770","8","tCopula","0.234453404694274","30776.1356067472"
"174","2","3.22335201780361","770","8","rot gumbelCopula","1.14321035874239",NA
"175","2","3.53331055176854","770","8","rot galambosCopula","0.394928575032729",NA
"176","2","3.63635848591807","770","8","rot huslerReissCopula","0.739200331552972",NA
"177","2","0","770","24","Independent",NA,NA
"178","2","0.128684428186313","770","24","normalCopula","-0.0410120259154457",NA
"179","2","0.34795817921046","770","24","claytonCopula","-0.0453955414257006",NA
"180","2","-1.03988104903016e-07","770","24","gumbelCopula","1.00000001490116",NA
"181","2","-Inf","770","24","galambosCopula",NA,NA
"182","2","-Inf","770","24","huslerReissCopula",NA,NA
"183","2","-Inf","770","24","tevCopula",NA,NA
"184","2","0.128576624340767","770","24","tCopula","-0.0410132425530853","75812.8426929793"
"185","2","-3.74408755580632e-07","770","24","rot gumbelCopula","1.00000001490116",NA
"186","2","-Inf","770","24","rot galambosCopula",NA,NA
"187","2","-Inf","770","24","rot huslerReissCopula",NA,NA
"188","2","0","770","70","Independent",NA,NA
"189","2","0.582822401660692","770","70","normalCopula","0.0868548960936001",NA
"190","2","-2.45414554508582","770","70","claytonCopula","0.185051687727537",NA
"191","2","1.03321664305658","770","70","gumbelCopula","1.07846273522798",NA
"192","2","1.07616300220423","770","70","galambosCopula","0.300188144290512",NA
"193","2","1.07607741968535","770","70","huslerReissCopula","0.606570610962665",NA
"194","2","1.07708253656563","770","70","tevCopula","0.692567356705932","15.7538525041982"
"195","2","0.581259862252839","770","70","tCopula","0.087031111631769","5775.70573855403"
"196","2","-9.27716203476259e-08","770","70","rot gumbelCopula","1.00000001490116",NA
"197","2","8.32072674266331e-05","770","70","rot galambosCopula","0.0883449717117865",NA
"198","2","-5.21804821573824e-15","770","70","rot huslerReissCopula","0.0968150225462385",NA
"199","3","0","400","8","Independent",NA,NA
"200","3","4.3879975901025","400","8","normalCopula","0.236183289732114",NA
"201","3","4.17670629086524","400","8","claytonCopula","0.388603370272417",NA
"202","3","3.69933948800145","400","8","gumbelCopula","1.15465579324153",NA
"203","3","3.51726365310514","400","8","galambosCopula","0.397929952447915",NA
"204","3","3.39873300621265","400","8","huslerReissCopula","0.729961674451353",NA
"205","3","3.76910121847344","400","8","tevCopula","-0.00939003359498428","2.03401575663345"
"206","3","4.39358144257624","400","8","tCopula","0.237690325257345","84.97487136491"
"207","3","3.94402258243302","400","8","rot gumbelCopula","1.17145174158264",NA
"208","3","4.0780313404599","400","8","rot galambosCopula","0.417450019158824",NA
"209","3","4.12587393208361","400","8","rot huslerReissCopula","0.762032898279145",NA
"210","3","0","400","24","Independent",NA,NA
"211","3","10.7289413623159","400","24","normalCopula","0.356558879160464",NA
"212","3","9.92217909827603","400","24","claytonCopula","0.605876488657553",NA
"213","3","5.67129160345737","400","24","gumbelCopula","1.21391714092331",NA
"214","3","6.4180856501433","400","24","galambosCopula","0.480055898234855",NA
"215","3","6.76253937725307","400","24","huslerReissCopula","0.854154904533863",NA
"216","3","6.6974104324206","400","24","tevCopula","0.954070494854066","58.7057507816983"
"217","3","10.7278059785444","400","24","tCopula","0.356360531290586","24502.8003995272"
"218","3","8.89955122667573","400","24","rot gumbelCopula","1.25348177456235",NA
"219","3","10.0591258459735","400","24","rot galambosCopula","0.532811040062786",NA
"220","3","10.5410822313886","400","24","rot huslerReissCopula","0.925770929565786",NA
"221","3","0","400","70","Independent",NA,NA
"222","3","1.7438797400024","400","70","normalCopula","0.149372724673328",NA
"223","3","4.7351681769993","400","70","claytonCopula","0.317629425628482",NA
"224","3","0.147986927957666","400","70","gumbelCopula","1.03237903576496",NA
"225","3","0.181308454807245","400","70","galambosCopula","0.229030679070254",NA
"226","3","0.175667765896212","400","70","huslerReissCopula","0.505490681722267",NA
"227","3","0.184984656576002","400","70","tevCopula","0.155743520292608","6.57395188735066"
"228","3","1.74303505778729","400","70","tCopula","0.149377297166634","5573.98897125033"
"229","3","3.67023020810211","400","70","rot gumbelCopula","1.13818013825935",NA
"230","3","3.56647927712254","400","70","rot galambosCopula","0.383136435720095",NA
"231","3","3.44318040809868","400","70","rot huslerReissCopula","0.712775973430867",NA
"232","3","0","770","8","Independent",NA,NA
"233","3","18.0049174705342","770","8","normalCopula","0.44658914130689",NA
"234","3","12.1996322489886","770","8","claytonCopula","0.883737313627695",NA
"235","3","15.0476035010709","770","8","gumbelCopula","1.35576777410622",NA
"236","3","15.8598004967936","770","8","galambosCopula","0.62835881752782",NA
"237","3","16.3820408697203","770","8","huslerReissCopula","1.03791160641672",NA
"238","3","16.304890061858","770","8","tevCopula","0.973045049616806","68.0725590013088"
"239","3","18.0045499723668","770","8","tCopula","0.446839544674515","9473.65065599163"
"240","3","15.9691622118864","770","8","rot gumbelCopula","1.37627882897759",NA
"241","3","16.0318375923302","770","8","rot galambosCopula","0.643192114601304",NA
"242","3","16.012235306794","770","8","rot huslerReissCopula","1.03672855114021",NA
"243","3","0","770","24","Independent",NA,NA
"244","3","10.664463312801","770","24","normalCopula","-0.354595485974412",NA
"245","3","7.5935652436715","770","24","claytonCopula","-0.171525186175316",NA
"246","3","-1.10449576489619e-06","770","24","gumbelCopula","1.00000001490116",NA
"247","3","-Inf","770","24","galambosCopula",NA,NA
"248","3","-Inf","770","24","huslerReissCopula",NA,NA
"249","3","-Inf","770","24","tevCopula",NA,NA
"250","3","10.6608586055797","770","24","tCopula","-0.354554575880694","2435.18669471628"
"251","3","-1.29466963457239e-06","770","24","rot gumbelCopula","1.00000001490116",NA
"252","3","-Inf","770","24","rot galambosCopula",NA,NA
"253","3","-Inf","770","24","rot huslerReissCopula",NA,NA
"254","3","0","770","70","Independent",NA,NA
"255","3","1.63881360132362","770","70","normalCopula","0.145740539390544",NA
"256","3","3.66964174200929","770","70","claytonCopula","0.274018967114302",NA
"257","3","0.368597770829421","770","70","gumbelCopula","1.05135874089415",NA
"258","3","0.297850495571152","770","70","galambosCopula","0.247540240560987",NA
"259","3","0.282817847432448","770","70","huslerReissCopula","0.529333139950883",NA
"260","3","0.55845716677088","770","70","tevCopula","-0.886393024976642","0.434706195451103"
"261","3","1.6363631804038","770","70","tCopula","0.145730174572814","2505.64566162266"
"262","3","2.93942831970851","770","70","rot gumbelCopula","1.12324395475402",NA
"263","3","3.02383813285332","770","70","rot galambosCopula","0.365701744777364",NA
"264","3","3.07786508661522","770","70","rot huslerReissCopula","0.699528859268119",NA
"265","4","0","400","8","Independent",NA,NA
"266","4","46.6666694018829","400","8","normalCopula","0.647782711968427",NA
"267","4","26.9626223867386","400","8","claytonCopula","1.98282986734306",NA
"268","4","38.3147862374035","400","8","gumbelCopula","1.68732794332814",NA
"269","4","38.4143044125698","400","8","galambosCopula","0.959682806866588",NA
"270","4","37.81707164732","400","8","huslerReissCopula","1.38455333994093",NA
"271","4","38.4079516471154","400","8","tevCopula","0.891024521542488","8.13622296442839"
"272","4","46.6660157957003","400","8","tCopula","0.64840432967315","4600.09902701151"
"273","4","43.8312358658417","400","8","rot gumbelCopula","1.7484974865448",NA
"274","4","43.8640282436084","400","8","rot galambosCopula","1.02424003154097",NA
"275","4","43.3069275652027","400","8","rot huslerReissCopula","1.45986138083666",NA
"276","4","0","400","24","Independent",NA,NA
"277","4","86.134369271355","400","24","normalCopula","0.794560876206162",NA
"278","4","60.7319508867749","400","24","claytonCopula","3.44517445208359",NA
"279","4","73.7942559513497","400","24","gumbelCopula","2.19035023126526",NA
"280","4","73.285995694655","400","24","galambosCopula","1.45443179043758",NA
"281","4","72.0309571526255","400","24","huslerReissCopula","1.91001987514512",NA
"282","4","73.2536446295485","400","24","tevCopula","0.911808776243936","4.73855244573438"
"283","4","86.5684429975702","400","24","tCopula","0.797251540580992","16.3355078588312"
"284","4","87.401440144608","400","24","rot gumbelCopula","2.36335707001934",NA
"285","4","86.9943095039747","400","24","rot galambosCopula","1.64654460031601",NA
"286","4","85.2735684248545","400","24","rot huslerReissCopula","2.14062317076188",NA
"287","4","0","400","70","Independent",NA,NA
"288","4","61.1836736897079","400","70","normalCopula","0.715895990774582",NA
"289","4","58.3437743776694","400","70","claytonCopula","2.50715895478842",NA
"290","4","42.5701275703018","400","70","gumbelCopula","1.76595112488038",NA
"291","4","43.0055975398595","400","70","galambosCopula","1.03814114610618",NA
"292","4","42.4343690027495","400","70","huslerReissCopula","1.46638814958196",NA
"293","4","43.0288036362991","400","70","tevCopula","0.912343711742786","9.02693047598199"
"294","4","61.16593499533","400","70","tCopula","0.715864922865115","1118.01958825849"
"295","4","65.0288313056108","400","70","rot gumbelCopula","2.01044573745153",NA
"296","4","65.6699593326543","400","70","rot galambosCopula","1.30490368271528",NA
"297","4","65.8533730357863","400","70","rot huslerReissCopula","1.82248635531374",NA
"298","4","0","770","8","Independent",NA,NA
"299","4","66.4530272575633","770","8","normalCopula","0.731281279796011",NA
"300","4","60.2002667378397","770","8","claytonCopula","2.43931909102203",NA
"301","4","54.2278715814647","770","8","gumbelCopula","1.89667669412091",NA
"302","4","54.0720823365035","770","8","galambosCopula","1.16365425062239",NA
"303","4","53.6487488270619","770","8","huslerReissCopula","1.61448407881173",NA
"304","4","53.938682839773","770","8","tevCopula","0.915257808845381","7.70227089701705"
"305","4","66.7325838441467","770","8","tCopula","0.73320379225488","21.4539829115351"
"306","4","69.9513959892991","770","8","rot gumbelCopula","2.06849561760175",NA
"307","4","70.1494587076069","770","8","rot galambosCopula","1.3604012914775",NA
"308","4","69.0576629625575","770","8","rot huslerReissCopula","1.8535999086855",NA
"309","4","0","770","24","Independent",NA,NA
"310","4","36.8675440265382","770","24","normalCopula","0.60056474571995",NA
"311","4","39.2895344641206","770","24","claytonCopula","1.58095349506801",NA
"312","4","24.3509235379269","770","24","gumbelCopula","1.52352482468761",NA
"313","4","25.1792161537959","770","24","galambosCopula","0.798493802918329",NA
"314","4","25.1920521936924","770","24","huslerReissCopula","1.21441800054879",NA
"315","4","25.3237806940468","770","24","tevCopula","0.932182387687398","18.5276596665431"
"316","4","36.8653371526128","770","24","tCopula","0.600596979030426","1620.36275000715"
"317","4","40.3762054347343","770","24","rot gumbelCopula","1.68192731961242",NA
"318","4","41.0961305700919","770","24","rot galambosCopula","0.972214768007306",NA
"319","4","41.651453439314","770","24","rot huslerReissCopula","1.45145516144624",NA
"320","4","0","770","70","Independent",NA,NA
"321","4","37.6546148041236","770","70","normalCopula","0.599114305142616",NA
"322","4","-5.1277877558433","770","70","claytonCopula","1.76491010530552",NA
"323","4","35.335235125446","770","70","gumbelCopula","1.64071277614036",NA
"324","4","36.0083739729856","770","70","galambosCopula","0.916608723536291",NA
"325","4","36.5048679402831","770","70","huslerReissCopula","1.36511767733606",NA
"326","4","36.4020147134178","770","70","tevCopula","0.970706795437685","35.5321579307614"
"327","4","37.654443444425","770","70","tCopula","0.599114728965817","104784.707344053"
"328","4","26.1355660174684","770","70","rot gumbelCopula","1.55763407104997",NA
"329","4","26.0285543183696","770","70","rot galambosCopula","0.818432922545709",NA
"330","4","25.6841144152483","770","70","rot huslerReissCopula","1.21937995808682",NA
"331","5","0","400","8","Independent",NA,NA
"332","5","65.3235393177347","400","8","normalCopula","0.730776116623738",NA
"333","5","50.7577276172847","400","8","claytonCopula","2.35287580240192",NA
"334","5","51.5502146689702","400","8","gumbelCopula","1.85385376595171",NA
"335","5","52.4543806168059","400","8","galambosCopula","1.13568901175401",NA
"336","5","53.078817542775","400","8","huslerReissCopula","1.61659999215791",NA
"337","5","52.9905247514879","400","8","tevCopula","0.977036526807997","32.1513148259709"
"338","5","65.3107918158285","400","8","tCopula","0.730725571994055","1733.59571465286"
"339","5","63.5469180807489","400","8","rot gumbelCopula","1.98516829489427",NA
"340","5","64.4214525627727","400","8","rot galambosCopula","1.27943410658944",NA
"341","5","65.0771711654941","400","8","rot huslerReissCopula","1.80284106448973",NA
"342","5","0","400","24","Independent",NA,NA
"343","5","42.9595106365842","400","24","normalCopula","0.637437366850805",NA
"344","5","14.2182592871496","400","24","claytonCopula","1.96233173301364",NA
"345","5","38.1679442783791","400","24","gumbelCopula","1.71253216454749",NA
"346","5","38.0829797606945","400","24","galambosCopula","0.97746317672152",NA
"347","5","37.8133637382388","400","24","huslerReissCopula","1.40746459359967",NA
"348","5","38.0097711005968","400","24","tevCopula","0.918731503310051","11.0175173127814"
"349","5","42.9989013436117","400","24","tCopula","0.639816963223662","62.3091702430952"
"350","5","37.6422470232621","400","24","rot gumbelCopula","1.70599815662429",NA
"351","5","36.9850976728497","400","24","rot galambosCopula","0.971737328233491",NA
"352","5","35.691896632605","400","24","rot huslerReissCopula","1.37371942863565",NA
"353","5","0","400","70","Independent",NA,NA
"354","5","37.4772503699039","400","70","normalCopula","0.60262538593623",NA
"355","5","-0.920255959208107","400","70","claytonCopula","1.63570161941935",NA
"356","5","36.5768154117897","400","70","gumbelCopula","1.64579168035317",NA
"357","5","36.9711235647516","400","70","galambosCopula","0.938272938703726",NA
"358","5","35.8149039795274","400","70","huslerReissCopula","1.35954698513045",NA
"359","5","37.1322363598236","400","70","tevCopula","0.867621516646798","6.76859870362667"
"360","5","37.4748947813898","400","70","tCopula","0.602394300948383","10005.9312866758"
"361","5","24.8202444910138","400","70","rot gumbelCopula","1.52019851592558",NA
"362","5","26.4514758223706","400","70","rot galambosCopula","0.802341328949491",NA
"363","5","27.4440344724096","400","70","rot huslerReissCopula","1.24603379049632",NA
"364","5","0","770","8","Independent",NA,NA
"365","5","44.4521092816689","770","8","normalCopula","0.647771492505145",NA
"366","5","6.18841681076907","770","8","claytonCopula","1.85611652809586",NA
"367","5","45.0698844940889","770","8","gumbelCopula","1.77797032369642",NA
"368","5","45.5977713321689","770","8","galambosCopula","1.05731464140169",NA
"369","5","46.2824375360832","770","8","huslerReissCopula","1.54054560540052",NA
"370","5","46.1221943378335","770","8","tevCopula","0.97745218622175","36.4995324336853"
"371","5","44.4515175898517","770","8","tCopula","0.64780122606093","3653.75731010811"
"372","5","34.0786787111764","770","8","rot gumbelCopula","1.66283380055547",NA
"373","5","33.6976762432187","770","8","rot galambosCopula","0.931910127285536",NA
"374","5","32.453591777086","770","8","rot huslerReissCopula","1.33053781331244",NA
"375","5","0","770","24","Independent",NA,NA
"376","5","70.6572402180322","770","24","normalCopula","0.74880570180823",NA
"377","5","-7.2793062047994","770","24","claytonCopula","2.92123500426451",NA
"378","5","68.8013037916249","770","24","gumbelCopula","2.0764785170759",NA
"379","5","69.2867359723215","770","24","galambosCopula","1.36270186821492",NA
"380","5","69.2346668333742","770","24","huslerReissCopula","1.86688404975553",NA
"381","5","69.4552997066189","770","24","tevCopula","0.967760761930608","16.5114986510047"
"382","5","70.6498019297823","770","24","tCopula","0.748789524055445","3512.30392821581"
"383","5","53.8290323464288","770","24","rot gumbelCopula","1.91215295362135",NA
"384","5","54.0076472195908","770","24","rot galambosCopula","1.17852450793818",NA
"385","5","53.8846756610432","770","24","rot huslerReissCopula","1.63090465808201",NA
"386","5","0","770","70","Independent",NA,NA
"387","5","61.4750757810939","770","70","normalCopula","0.717004370038047",NA
"388","5","17.358023142531","770","70","claytonCopula","2.18134390859311",NA
"389","5","62.5027163646198","770","70","gumbelCopula","1.97726145234019",NA
"390","5","63.3024864746952","770","70","galambosCopula","1.26683517555961",NA
"391","5","64.250014169303","770","70","huslerReissCopula","1.79415048830511",NA
"392","5","64.0454050188992","770","70","tevCopula","0.982207979750303","34.117754828402"
"393","5","61.4739565884333","770","70","tCopula","0.717025767610007","1388.05718738802"
"394","5","49.5355777050066","770","70","rot gumbelCopula","1.84177657514368",NA
"395","5","49.4323579669184","770","70","rot galambosCopula","1.11434976971511",NA
"396","5","48.841495211149","770","70","rot huslerReissCopula","1.5586806529965",NA
"397","6","0","400","8","Independent",NA,NA
"398","6","1.99572185826522","400","8","normalCopula","-0.159748420932037",NA
"399","6","5.28516678358268","400","8","claytonCopula","-0.18979331558428",NA
"400","6","-1.09418118185781e-07","400","8","gumbelCopula","1.00000001490116",NA
"401","6","-Inf","400","8","galambosCopula",NA,NA
"402","6","-Inf","400","8","huslerReissCopula",NA,NA
"403","6","-Inf","400","8","tevCopula",NA,NA
"404","6","2.66264527831002","400","8","tCopula","-0.167760671193199","6.85376494791148"
"405","6","-7.83251429036305e-07","400","8","rot gumbelCopula","1.00000001490116",NA
"406","6","-Inf","400","8","rot galambosCopula",NA,NA
"407","6","-Inf","400","8","rot huslerReissCopula",NA,NA
"408","6","0","400","24","Independent",NA,NA
"409","6","33.6365203347142","400","24","normalCopula","0.576519673781799",NA
"410","6","34.5008767168114","400","24","claytonCopula","1.2904949642983",NA
"411","6","24.6552228640291","400","24","gumbelCopula","1.50324000157313",NA
"412","6","25.4488939692022","400","24","galambosCopula","0.777553838040187",NA
"413","6","26.0652401778781","400","24","huslerReissCopula","1.21033862065701",NA
"414","6","25.9551470138329","400","24","tevCopula","0.972956963453417","49.5027220690828"
"415","6","33.6355445431955","400","24","tCopula","0.576520608064555","11924.5326983432"
"416","6","35.7797737965712","400","24","rot gumbelCopula","1.61938293240267",NA
"417","6","35.8827465628331","400","24","rot galambosCopula","0.903706858165527",NA
"418","6","35.6532410409989","400","24","rot huslerReissCopula","1.34444700512649",NA
"419","6","0","400","70","Independent",NA,NA
"420","6","0.112790114599855","400","70","normalCopula","-0.0386119241676996",NA
"421","6","0.948569594052376","400","70","claytonCopula","0.122930418321658",NA
"422","6","-4.02145504587587e-07","400","70","gumbelCopula","1.00000001490116",NA
"423","6","-Inf","400","70","galambosCopula",NA,NA
"424","6","-Inf","400","70","huslerReissCopula",NA,NA
"425","6","-Inf","400","70","tevCopula",NA,NA
"426","6","1.65792353677865","400","70","tCopula","-0.0580202559833788","4.26349122726744"
"427","6","0.720392442184915","400","70","rot gumbelCopula","1.05264827697894",NA
"428","6","-Inf","400","70","rot galambosCopula",NA,NA
"429","6","-Inf","400","70","rot huslerReissCopula",NA,NA
"430","6","0","770","8","Independent",NA,NA
"431","6","4.59216933402755","770","8","normalCopula","0.239077102469837",NA
"432","6","3.38830669667399","770","8","claytonCopula","0.294805367347593",NA
"433","6","3.67222229424351","770","8","gumbelCopula","1.14154610177628",NA
"434","6","4.47944383978534","770","8","galambosCopula","0.403096268002899",NA
"435","6","4.74265557446791","770","8","huslerReissCopula","0.758635945715536",NA
"436","6","4.69737612500005","770","8","tevCopula","0.949968338983882","68.4834306074953"
"437","6","4.59208902892051","770","8","tCopula","0.239075824992244","135933.126782051"
"438","6","3.15817992589976","770","8","rot gumbelCopula","1.13672325103998",NA
"439","6","4.0724423286511","770","8","rot galambosCopula","0.397407367118807",NA
"440","6","4.40567181196277","770","8","rot huslerReissCopula","0.753729906120651",NA
"441","6","0","770","24","Independent",NA,NA
"442","6","4.0841412934303","770","24","normalCopula","0.226116791891438",NA
"443","6","6.20143947048284","770","24","claytonCopula","0.381044774090855",NA
"444","6","2.89914416016921","770","24","gumbelCopula","1.13951953485288",NA
"445","6","2.91314104195108","770","24","galambosCopula","0.380062483697575",NA
"446","6","2.90943526804892","770","24","huslerReissCopula","0.712260152464319",NA
"447","6","2.91092699987556","770","24","tevCopula","0.640564770633737","9.37583403324762"
"448","6","6.0791802818503","770","24","tCopula","0.208975791989046","3.88144016812749"
"449","6","6.85271283167083","770","24","rot gumbelCopula","1.19921429027189",NA
"450","6","6.21424901852895","770","24","rot galambosCopula","0.447018133143896",NA
"451","6","5.80697324421846","770","24","rot huslerReissCopula","0.783294620703826",NA
"452","6","0","770","70","Independent",NA,NA
"453","6","0.0303651321375609","770","70","normalCopula","0.0198021817752288",NA
"454","6","4.23085551185229","770","70","claytonCopula","0.289976525049621",NA
"455","6","-2.42163821986916e-07","770","70","gumbelCopula","1.00000001490116",NA
"456","6","-7.52176099183807e-13","770","70","galambosCopula","0.022643434172202",NA
"457","6","-5.2394866224705e-11","770","70","huslerReissCopula","0.14378113544377",NA
"458","6","-Inf","770","70","tevCopula",NA,NA
"459","6","7.66030009859789","770","70","tCopula","-0.0118145826402882","2.76869416290243"
"460","6","3.24712372560307","770","70","rot gumbelCopula","1.12381307327745",NA
"461","6","2.10670119428198","770","70","rot galambosCopula","0.335615945521657",NA
"462","6","1.73953919062835","770","70","rot huslerReissCopula","0.628413393336462",NA
"463","7","0","400","8","Independent",NA,NA
"464","7","16.5193634064371","400","8","normalCopula","0.432534672637488",NA
"465","7","18.9602327965281","400","8","claytonCopula","0.743771842481423",NA
"466","7","12.8462000170341","400","8","gumbelCopula","1.32464212532867",NA
"467","7","12.8920072703478","400","8","galambosCopula","0.592612556854794",NA
"468","7","12.8492763662678","400","8","huslerReissCopula","0.976861475815442",NA
"469","7","12.877171262566","400","8","tevCopula","0.839946604308033","11.8535932992886"
"470","7","16.57553943393","400","8","tCopula","0.431979371479848","24.7354481332149"
"471","7","18.7807347601827","400","8","rot gumbelCopula","1.39448980220528",NA
"472","7","18.8387548156142","400","8","rot galambosCopula","0.670478886926451",NA
"473","7","18.598526850173","400","8","rot huslerReissCopula","1.06909490226247",NA
"474","7","0","400","24","Independent",NA,NA
"475","7","3.19829431673216","400","24","normalCopula","0.201677698518135",NA
"476","7","1.82802409632574","400","24","claytonCopula","0.236169377594214",NA
"477","7","4.12132594071644","400","24","gumbelCopula","1.14508067150627",NA
"478","7","4.15586786892976","400","24","galambosCopula","0.394186477377203",NA
"479","7","4.04742768023992","400","24","huslerReissCopula","0.728353307631334",NA
"480","7","4.22996150029776","400","24","tevCopula","0.381530974079034","4.52292584875294"
"481","7","3.21577975614877","400","24","tCopula","0.19970004555806","47.8938933834317"
"482","7","1.74428938185784","400","24","rot gumbelCopula","1.10653725359026",NA
"483","7","2.31537380019339","400","24","rot galambosCopula","0.35637844283264",NA
"484","7","2.48617935683207","400","24","rot huslerReissCopula","0.693971723963854",NA
"485","7","0","400","70","Independent",NA,NA
"486","7","47.9690259545722","400","70","normalCopula","0.656796660291885",NA
"487","7","40.4783851660179","400","70","claytonCopula","1.99869555079738",NA
"488","7","37.9121318894396","400","70","gumbelCopula","1.69999703613172",NA
"489","7","37.4867266233624","400","70","galambosCopula","0.970292020463966",NA
"490","7","35.6742567802679","400","70","huslerReissCopula","1.3626107471038",NA
"491","7","38.0710470855743","400","70","tevCopula","0.808909432482699","4.02060948211961"
"492","7","48.5716124410859","400","70","tCopula","0.664627601065637","18.7090147758211"
"493","7","49.8629305459402","400","70","rot gumbelCopula","1.82805062543731",NA
"494","7","49.7097099452554","400","70","rot galambosCopula","1.10623537664702",NA
"495","7","48.7637977608904","400","70","rot huslerReissCopula","1.54954240471788",NA
"496","7","0","770","8","Independent",NA,NA
"497","7","0.00124075539096391","770","8","normalCopula","0.00404654968015442",NA
"498","7","-0.430386676889496","770","8","claytonCopula","0.0299066752288599",NA
"499","7","0.121181794495731","770","8","gumbelCopula","1.02443261107091",NA
"500","7","0.0560952024996719","770","8","galambosCopula","0.186644754904406",NA
"501","7","0.0538504556132464","770","8","huslerReissCopula","0.442602992959064",NA
"502","7","0.795273031585174","770","8","tevCopula","-0.937848079475508","0.339379964677294"
"503","7","0.00114661076150768","770","8","tCopula","0.00405285590434991","155115.494016593"
"504","7","-3.12542485256077e-07","770","8","rot gumbelCopula","1.00000001490116",NA
"505","7","-7.54840634443026e-13","770","8","rot galambosCopula","0.0229800415504358",NA
"506","7","-1.82853732155786e-13","770","8","rot huslerReissCopula","0.130634582599481",NA
"507","7","0","770","24","Independent",NA,NA
"508","7","10.2813525044742","770","24","normalCopula","0.346568600112607",NA
"509","7","7.70213586672784","770","24","claytonCopula","0.621024570893919",NA
"510","7","8.03724396737708","770","24","gumbelCopula","1.24748908204605",NA
"511","7","8.30107985168438","770","24","galambosCopula","0.50904812969854",NA
"512","7","8.37853478186662","770","24","huslerReissCopula","0.878507519543738",NA
"513","7","8.35773339440124","770","24","tevCopula","0.923527145007139","32.6138119305466"
"514","7","10.2808706217381","770","24","tCopula","0.346960028221097","9760.33078280236"
"515","7","8.63976303882997","770","24","rot gumbelCopula","1.25577452086405",NA
"516","7","9.15509041366457","770","24","rot galambosCopula","0.52175998552149",NA
"517","7","9.31726750267737","770","24","rot huslerReissCopula","0.897873558193401",NA
"518","7","0","770","70","Independent",NA,NA
"519","7","25.6168648375894","770","70","normalCopula","0.519414396094536",NA
"520","7","14.8745882943659","770","70","claytonCopula","1.16570551025914",NA
"521","7","21.2113581537333","770","70","gumbelCopula","1.45894222269854",NA
"522","7","21.5910321960329","770","70","galambosCopula","0.736243518657136",NA
"523","7","21.2605695706666","770","70","huslerReissCopula","1.13828032150622",NA
"524","7","21.6209168731445","770","70","tevCopula","0.849797515276494","8.91220275887227"
"525","7","25.6156289398463","770","70","tCopula","0.519449712619054","3374.66969133604"
"526","7","21.4571795764989","770","70","rot gumbelCopula","1.46624156502691",NA
"527","7","21.9461414010364","770","70","rot galambosCopula","0.738628998778489",NA
"528","7","22.2076695884096","770","70","rot huslerReissCopula","1.15547624208058",NA
"529","8","0","400","8","Independent",NA,NA
"530","8","29.1532471919787","400","8","normalCopula","0.547357722988465",NA
"531","8","37.4465660707016","400","8","claytonCopula","1.31056675858956",NA
"532","8","20.7214227184642","400","8","gumbelCopula","1.48059996272085",NA
"533","8","19.8437583557711","400","8","galambosCopula","0.736184612116577",NA
"534","8","18.98581794556","400","8","huslerReissCopula","1.11146397612091",NA
"535","8","21.1789096500334","400","8","tevCopula","0.474842925531281","1.63113824783771"
"536","8","30.0468083507891","400","8","tCopula","0.558295290989372","8.70722391430765"
"537","8","35.7670972566113","400","8","rot gumbelCopula","1.6278411263964",NA
"538","8","35.6271012173442","400","8","rot galambosCopula","0.905552418674986",NA
"539","8","35.3937371231608","400","8","rot huslerReissCopula","1.34834529562779",NA
"540","8","0","400","24","Independent",NA,NA
"541","8","13.6273722415278","400","24","normalCopula","0.397346528855553",NA
"542","8","15.528981480806","400","24","claytonCopula","0.772130577466041",NA
"543","8","6.8313412215927","400","24","gumbelCopula","1.24490844151143",NA
"544","8","7.7507569916819","400","24","galambosCopula","0.509556262715528",NA
"545","8","8.26925582065046","400","24","huslerReissCopula","0.894176763882495",NA
"546","8","8.17288304292918","400","24","tevCopula","0.958862642918748","59.9536909041468"
"547","8","13.6245253138614","400","24","tCopula","0.397454962893409","5711.73035132424"
"548","8","14.1985745249774","400","24","rot gumbelCopula","1.34103301732882",NA
"549","8","14.6919174320739","400","24","rot galambosCopula","0.613938631734671",NA
"550","8","14.8950808174856","400","24","rot huslerReissCopula","1.01195498894644",NA
"551","8","0","400","70","Independent",NA,NA
"552","8","1.209351207581","400","70","normalCopula","0.12646319867745",NA
"553","8","1.42424171388223","400","70","claytonCopula","0.171713244014139",NA
"554","8","2.39643295952234","400","70","gumbelCopula","1.11145757895849",NA
"555","8","1.85148053206959","400","70","galambosCopula","0.332946394180385",NA
"556","8","1.66163158448037","400","70","huslerReissCopula","0.636879697969015",NA
"557","8","3.15113259781503","400","70","tevCopula","-0.501868409015358","0.914952045045325"
"558","8","5.5651941754481","400","70","tCopula","0.0855377869198665","2.55637325707834"
"559","8","1.88850224545924","400","70","rot gumbelCopula","1.10289166030573",NA
"560","8","1.59860525639995","400","70","rot galambosCopula","0.326288060802736",NA
"561","8","1.47668077764771","400","70","rot huslerReissCopula","0.632131501278981",NA
"562","8","0","770","8","Independent",NA,NA
"563","8","43.6687463748779","770","8","normalCopula","0.637488990210374",NA
"564","8","39.1503590945536","770","8","claytonCopula","1.56299548553776",NA
"565","8","36.1983576063123","770","8","gumbelCopula","1.65663270661009",NA
"566","8","36.2715503062488","770","8","galambosCopula","0.92897670460909",NA
"567","8","36.2389328147486","770","8","huslerReissCopula","1.36842240131549",NA
"568","8","36.2594128483943","770","8","tevCopula","0.939248651312397","16.3929704074696"
"569","8","43.6793313487559","770","8","tCopula","0.637689130234518","83.3598755525284"
"570","8","43.6530732474468","770","8","rot gumbelCopula","1.72648341888045",NA
"571","8","44.5551551598887","770","8","rot galambosCopula","1.01365285726226",NA
"572","8","45.3324003867502","770","8","rot huslerReissCopula","1.49866048715812",NA
"573","8","0","770","24","Independent",NA,NA
"574","8","22.9790554399669","770","24","normalCopula","0.502682995396361",NA
"575","8","16.7987764085444","770","24","claytonCopula","1.07247665001234",NA
"576","8","19.1731851019012","770","24","gumbelCopula","1.43767236870558",NA
"577","8","19.1589652868571","770","24","galambosCopula","0.709649143819106",NA
"578","8","18.6665367189782","770","24","huslerReissCopula","1.10203540296137",NA
"579","8","19.2595868006668","770","24","tevCopula","0.758940436447796","5.49376316031952"
"580","8","22.9738258489791","770","24","tCopula","0.502715658167623","1419.68246870483"
"581","8","20.8271701312493","770","24","rot gumbelCopula","1.45197493664936",NA
"582","8","21.3151522629443","770","24","rot galambosCopula","0.726436628218958",NA
"583","8","21.6219718423797","770","24","rot huslerReissCopula","1.14582495514056",NA
"584","8","0","770","70","Independent",NA,NA
"585","8","27.8313054320188","770","70","normalCopula","0.537989984798655",NA
"586","8","29.6760796006524","770","70","claytonCopula","1.17025050639477",NA
"587","8","19.7382429082582","770","70","gumbelCopula","1.44409450416851",NA
"588","8","20.0689014701426","770","70","galambosCopula","0.714045851308548",NA
"589","8","20.2308137008807","770","70","huslerReissCopula","1.12341705058026",NA
"590","8","20.2000323479391","770","70","tevCopula","0.957094202119915","35.7212774586339"
"591","8","27.8164622719173","770","70","tCopula","0.537908825093781","648.41767278539"
"592","8","29.7691450553673","770","70","rot gumbelCopula","1.54871468895163",NA
"593","8","30.2159110981424","770","70","rot galambosCopula","0.827806965754746",NA
"594","8","30.7254136221287","770","70","rot huslerReissCopula","1.27589754315634",NA
"595","9","0","400","8","Independent",NA,NA
"596","9","2.18232516711529","400","8","normalCopula","0.168522281636663",NA
"597","9","-1.71446016045784","400","8","claytonCopula","0.387040739309805",NA
"598","9","4.34178262696656","400","8","gumbelCopula","1.16792996947286",NA
"599","9","3.59107069489891","400","8","galambosCopula","0.395681599233963",NA
"600","9","3.2691348667952","400","8","huslerReissCopula","0.712745675181969",NA
"601","9","5.56263104843947","400","8","tevCopula","-0.369069282823674","0.720312917427904"
"602","9","5.16934482651794","400","8","tCopula","0.219333772489434","3.82472325173069"
"603","9","1.39196051152297","400","8","rot gumbelCopula","1.10623955565903",NA
"604","9","0.964726377133251","400","8","rot galambosCopula","0.310281595144488",NA
"605","9","7.88258347483861e-15","400","8","rot huslerReissCopula","0.0901215263245432",NA
"606","9","0","400","24","Independent",NA,NA
"607","9","3.07596352757568","400","24","normalCopula","0.196629227254811",NA
"608","9","2.35162181474588","400","24","claytonCopula","0.216052268888119",NA
"609","9","2.4755066876115","400","24","gumbelCopula","1.1103546500259",NA
"610","9","3.25486879163201","400","24","galambosCopula","0.364119156850391",NA
"611","9","3.50158649531429","400","24","huslerReissCopula","0.708636951355578",NA
"612","9","3.4416479590759","400","24","tevCopula","0.924413798948112","51.7247226352953"
"613","9","3.07589649368041","400","24","tCopula","0.196626842249058","143951.400631179"
"614","9","2.64593644969694","400","24","rot gumbelCopula","1.11391420369452",NA
"615","9","3.06071228745372","400","24","rot galambosCopula","0.365584670474273",NA
"616","9","3.15539547501288","400","24","rot huslerReissCopula","0.702768254126426",NA
"617","9","0","400","70","Independent",NA,NA
"618","9","42.2518152581367","400","70","normalCopula","0.630412537741988",NA
"619","9","27.9588514799929","400","70","claytonCopula","1.66348384710984",NA
"620","9","33.2561327991596","400","70","gumbelCopula","1.61675750292193",NA
"621","9","34.1050587670476","400","70","galambosCopula","0.897892451052795",NA
"622","9","34.5321573336593","400","70","huslerReissCopula","1.34568280854753",NA
"623","9","34.4889361589983","400","70","tevCopula","0.96988554067778","35.4848757207946"
"624","9","42.2417636765775","400","70","tCopula","0.630358238806319","2434.61513820149"
"625","9","37.9252676104319","400","70","rot gumbelCopula","1.6684888499978",NA
"626","9","38.8761227066023","400","70","rot galambosCopula","0.951039006980943",NA
"627","9","39.8196877909404","400","70","rot huslerReissCopula","1.42139052545613",NA
"628","9","0","770","8","Independent",NA,NA
"629","9","9.4168019682501","770","8","normalCopula","0.340069137285544",NA
"630","9","11.612372604395","770","8","claytonCopula","0.530017384968442",NA
"631","9","5.4901530024575","770","8","gumbelCopula","1.2043467885422",NA
"632","9","5.95698464478517","770","8","galambosCopula","0.469102469463151",NA
"633","9","6.03912593636573","770","8","huslerReissCopula","0.8313052960788",NA
"634","9","6.02351999424786","770","8","tevCopula","0.915856188530383","33.0745999111383"
"635","9","9.41613335931996","770","8","tCopula","0.340016203564796","14482.407508298"
"636","9","10.2890719669186","770","8","rot gumbelCopula","1.26363896848424",NA
"637","9","11.2091872925001","770","8","rot galambosCopula","0.541306946796612",NA
"638","9","11.5785435523853","770","8","rot huslerReissCopula","0.934523467120781",NA
"639","9","0","770","24","Independent",NA,NA
"640","9","12.1493062075916","770","24","normalCopula","0.373618902900368",NA
"641","9","15.415384887476","770","24","claytonCopula","0.624981355517478",NA
"642","9","6.94032318601601","770","24","gumbelCopula","1.2353993069382",NA
"643","9","7.00640745110946","770","24","galambosCopula","0.49540197359639",NA
"644","9","6.84743052893554","770","24","huslerReissCopula","0.852208991974208",NA
"645","9","7.05510973505852","770","24","tevCopula","0.614250001700662","5.6951388625996"
"646","9","12.1449082447868","770","24","tCopula","0.373592158273617","2599.94314080772"
"647","9","12.4079144461726","770","24","rot gumbelCopula","1.29182961021223",NA
"648","9","14.1858826278939","770","24","rot galambosCopula","0.578627815659666",NA
"649","9","15.1127789400676","770","24","rot huslerReissCopula","0.997002660210718",NA
"650","9","0","770","70","Independent",NA,NA
"651","9","18.2976122987934","770","70","normalCopula","0.453118696140674",NA
"652","9","17.5124921589913","770","70","claytonCopula","0.865680595433643",NA
"653","9","11.6762522782781","770","70","gumbelCopula","1.32046248870971",NA
"654","9","12.8672790080854","770","70","galambosCopula","0.598764451257302",NA
"655","9","13.3662319664659","770","70","huslerReissCopula","1.00118790032227",NA
"656","9","13.2879172424808","770","70","tevCopula","0.96350340766719","53.67216244419"
"657","9","18.2824106099465","770","70","tCopula","0.453042434363115","933.182483159293"
"658","9","17.7598121340427","770","70","rot gumbelCopula","1.38721922871569",NA
"659","9","18.5115717895994","770","70","rot galambosCopula","0.669875059500794",NA
"660","9","18.7400476533439","770","70","rot huslerReissCopula","1.08223892677242",NA
"661","10","0","400","8","Independent",NA,NA
"662","10","0.058595333067071","400","8","normalCopula","-0.0275465426729557",NA
"663","10","0.491084934181525","400","8","claytonCopula","-0.0424803917873145",NA
"664","10","0.180308133632075","400","8","gumbelCopula","1.0256357389166",NA
"665","10","-Inf","400","8","galambosCopula",NA,NA
"666","10","-Inf","400","8","huslerReissCopula",NA,NA
"667","10","0.192276976504165","400","8","tevCopula","-0.572192692163159","2.28387279274759"
"668","10","0.532869080771595","400","8","tCopula","-0.0308519127134231","7.78195152235433"
"669","10","-1.93786156572244e-07","400","8","rot gumbelCopula","1.00000001490116",NA
"670","10","-Inf","400","8","rot galambosCopula",NA,NA
"671","10","-Inf","400","8","rot huslerReissCopula",NA,NA
"672","10","0","400","24","Independent",NA,NA
"673","10","0.0504543053854603","400","24","normalCopula","-0.0257626842958591",NA
"674","10","-0.692166180643371","400","24","claytonCopula","0.0387268529296315",NA
"675","10","0.036379855866573","400","24","gumbelCopula","1.01439725411545",NA
"676","10","-3.41890960902274e-11","400","24","galambosCopula","0.0285812554496508",NA
"677","10","-2.20112816893795e-12","400","24","huslerReissCopula","0.141741636736643",NA
"678","10","1.29021054347554","400","24","tevCopula","-0.927831768792601","0.224200865393547"
"679","10","0.0524430080333287","400","24","tCopula","-0.022688813135787","119.727049100969"
"680","10","-3.19643567855618e-07","400","24","rot gumbelCopula","1.00000001490116",NA
"681","10","-5.74529313014262e-12","400","24","rot galambosCopula","0.0240322325049196",NA
"682","10","-2.55351295663786e-15","400","24","rot huslerReissCopula","0.0885950566457571",NA
"683","10","0","400","70","Independent",NA,NA
"684","10","1.11009945546247","400","70","normalCopula","0.120322493594588",NA
"685","10","3.52867194605719","400","70","claytonCopula","0.258744369364487",NA
"686","10","0.000827254324859021","400","70","gumbelCopula","1.00242795351416",NA
"687","10","2.68651989470969e-10","400","70","galambosCopula","0.0287423092961183",NA
"688","10","0.125533273288113","400","70","huslerReissCopula","0.478807563331857",NA
"689","10","0.108674206632203","400","70","tevCopula","0.712661352056391","28.4817725465405"
"690","10","1.10932526190682","400","70","tCopula","0.120235325709459","5965.57609207426"
"691","10","2.68656131207879","400","70","rot gumbelCopula","1.11092659550696",NA
"692","10","2.87150436420984","400","70","rot galambosCopula","0.351858002215222",NA
"693","10","2.93778753222042","400","70","rot huslerReissCopula","0.682143183381393",NA
"694","10","0","770","8","Independent",NA,NA
"695","10","5.03659398961606","770","8","normalCopula","0.251414498734839",NA
"696","10","7.64931588934186","770","8","claytonCopula","0.407280910147021",NA
"697","10","2.198205504135","770","8","gumbelCopula","1.12056403864435",NA
"698","10","2.8576809219229","770","8","galambosCopula","0.371709005449343",NA
"699","10","3.10825131503528","770","8","huslerReissCopula","0.717640071555708",NA
"700","10","3.04836030538472","770","8","tevCopula","0.928134457927205","53.0525226873996"
"701","10","5.03487213749557","770","8","tCopula","0.248991636687316","6474.93409102486"
"702","10","6.82834031613413","770","8","rot gumbelCopula","1.19530164757911",NA
"703","10","7.15690168299611","770","8","rot galambosCopula","0.45887710399814",NA
"704","10","7.32408545651657","770","8","rot huslerReissCopula","0.824587739143248",NA
"705","10","0","770","24","Independent",NA,NA
"706","10","2.9911784751902","770","24","normalCopula","0.196083653512806",NA
"707","10","3.14851267193001","770","24","claytonCopula","0.267405766748586",NA
"708","10","2.01438134895235","770","24","gumbelCopula","1.10692919710173",NA
"709","10","2.28335409944245","770","24","galambosCopula","0.34916245325117",NA
"710","10","2.35316526096941","770","24","huslerReissCopula","0.678659652419638",NA
"711","10","2.32828640820683","770","24","tevCopula","0.877894761804495","34.1069321543358"
"712","10","2.98991767293991","770","24","tCopula","0.196076119119762","3807.28511127658"
"713","10","2.97792365006085","770","24","rot gumbelCopula","1.13633933194346",NA
"714","10","3.088359446921","770","24","rot galambosCopula","0.381723257503828",NA
"715","10","3.09015706263495","770","24","rot huslerReissCopula","0.715987458458685",NA
"716","10","0","770","70","Independent",NA,NA
"717","10","0.0556224212854468","770","70","normalCopula","-0.0270542716450728",NA
"718","10","0.448989783688542","770","70","claytonCopula","0.0882699332023142",NA
"719","10","-4.34641984130464e-07","770","70","gumbelCopula","1.00000001490116",NA
"720","10","-Inf","770","70","galambosCopula",NA,NA
"721","10","-Inf","770","70","huslerReissCopula",NA,NA
"722","10","-Inf","770","70","tevCopula",NA,NA
"723","10","0.0555669144360098","770","70","tCopula","-0.0270545630552383","125529.605623307"
"724","10","0.24145473486132","770","70","rot gumbelCopula","1.03164446322772",NA
"725","10","-Inf","770","70","rot galambosCopula",NA,NA
"726","10","-Inf","770","70","rot huslerReissCopula",NA,NA
"727","11","0","400","8","Independent",NA,NA
"728","11","19.227976925471","400","8","normalCopula","0.462738421345817",NA
"729","11","14.6531765333728","400","8","claytonCopula","0.886926960358534",NA
"730","11","14.379952336105","400","8","gumbelCopula","1.35282375775255",NA
"731","11","15.4912978966669","400","8","galambosCopula","0.630011852156083",NA
"732","11","16.1765296051914","400","8","huslerReissCopula","1.04525043332695",NA
"733","11","16.0605174446955","400","8","tevCopula","0.968723636002798","57.7572234990926"
"734","11","19.2262552826323","400","8","tCopula","0.463417859870715","9957.94971890002"
"735","11","16.9188368102448","400","8","rot gumbelCopula","1.37860104528867",NA
"736","11","17.7928750023403","400","8","rot galambosCopula","0.658269743010807",NA
"737","11","18.3006486498281","400","8","rot huslerReissCopula","1.0751924654744",NA
"738","11","0","400","24","Independent",NA,NA
"739","11","31.6465824717723","400","24","normalCopula","0.559197291331397",NA
"740","11","27.0617893498875","400","24","claytonCopula","1.20365853901372",NA
"741","11","22.9464205124525","400","24","gumbelCopula","1.46581300074528",NA
"742","11","24.1038095159934","400","24","galambosCopula","0.749272466872348",NA
"743","11","24.7406735228323","400","24","huslerReissCopula","1.18137428943633",NA
"744","11","24.6512214607622","400","24","tevCopula","0.971769014086701","49.7274092856721"
"745","11","31.6426498425548","400","24","tCopula","0.559006278314288","7203.94699789168"
"746","11","29.4467033407197","400","24","rot gumbelCopula","1.53254825261235",NA
"747","11","30.6242862966421","400","24","rot galambosCopula","0.81976015283192",NA
"748","11","31.6210894740037","400","24","rot huslerReissCopula","1.27791159313087",NA
"749","11","0","400","70","Independent",NA,NA
"750","11","25.9126330698336","400","70","normalCopula","0.521849365511378",NA
"751","11","14.0536145890605","400","70","claytonCopula","1.19618797502158",NA
"752","11","21.6985540256804","400","70","gumbelCopula","1.46107520823159",NA
"753","11","22.7736397863089","400","70","galambosCopula","0.738714625218325",NA
"754","11","23.5126321393493","400","70","huslerReissCopula","1.17084865275465",NA
"755","11","23.3780455184007","400","70","tevCopula","0.971650203545211","50.6014332337169"
"756","11","25.9078640435179","400","70","tCopula","0.521879018022052","1521.01946041461"
"757","11","22.5455882979314","400","70","rot gumbelCopula","1.47517222922026",NA
"758","11","22.4162177134893","400","70","rot galambosCopula","0.746315476342095",NA
"759","11","21.9547347031022","400","70","rot huslerReissCopula","1.14563758328657",NA
"760","11","0","770","8","Independent",NA,NA
"761","11","28.4591862928837","770","8","normalCopula","0.544753258377487",NA
"762","11","29.64505103534","770","8","claytonCopula","1.1535048567546",NA
"763","11","19.1953333787735","770","8","gumbelCopula","1.44696351191161",NA
"764","11","19.6353332029391","770","8","galambosCopula","0.718209552594398",NA
"765","11","19.7401748149565","770","8","huslerReissCopula","1.1241190124346",NA
"766","11","19.7271478773618","770","8","tevCopula","0.944243660447974","27.0814362765914"
"767","11","28.4588249793379","770","8","tCopula","0.544752064377968","33910.3172499798"
"768","11","28.9483865898883","770","8","rot gumbelCopula","1.53363838099758",NA
"769","11","30.4369722557366","770","8","rot galambosCopula","0.824707683897201",NA
"770","11","31.6234327261273","770","8","rot huslerReissCopula","1.29518423345109",NA
"771","11","0","770","24","Independent",NA,NA
"772","11","5.06293102911458","770","24","normalCopula","0.253865481118176",NA
"773","11","7.0842592534749","770","24","claytonCopula","0.428662371042894",NA
"774","11","2.16440401305565","770","24","gumbelCopula","1.13243813172896",NA
"775","11","2.32871573619842","770","24","galambosCopula","0.373691023251297",NA
"776","11","2.38807260067778","770","24","huslerReissCopula","0.707549162821247",NA
"777","11","2.36419753655095","770","24","tevCopula","0.87992560398361","31.7806206072518"
"778","11","5.06271277423228","770","24","tCopula","0.253881037570488","14440.5699193827"
"779","11","6.03824572058548","770","24","rot gumbelCopula","1.200759575446",NA
"780","11","6.24518611793905","770","24","rot galambosCopula","0.458502128380018",NA
"781","11","6.26577580969391","770","24","rot huslerReissCopula","0.815150859656228",NA
"782","11","0","770","70","Independent",NA,NA
"783","11","14.0197297801436","770","70","normalCopula","0.402020968663419",NA
"784","11","18.3572692090271","770","70","claytonCopula","0.69159798981714",NA
"785","11","7.90166524581267","770","70","gumbelCopula","1.25488558707873",NA
"786","11","8.36819924792499","770","70","galambosCopula","0.518492422912556",NA
"787","11","8.52728404874245","770","70","huslerReissCopula","0.893034148098751",NA
"788","11","8.50086287672383","770","70","tevCopula","0.953250750222407","52.4477010602407"
"789","11","14.0163954102063","770","70","tCopula","0.402043571395854","1842.62119405937"
"790","11","15.8646041083072","770","70","rot gumbelCopula","1.35758600226472",NA
"791","11","16.4118948635211","770","70","rot galambosCopula","0.634173700708312",NA
"792","11","16.6387628977632","770","70","rot huslerReissCopula","1.03808987160102",NA
