"","P","I","ll","copula","params1","params2"
"1","0","0","0","Independent",NA,NA
"2","0","0","89.7878326073739","normalCopula","0.743254316953549",NA
"3","0","0","81.538882118539","claytonCopula","2.61237097176404",NA
"4","0","0","84.2686180688544","gumbelCopula","2.06578381443128",NA
"5","0","0","82.1326124293209","galambosCopula","1.33158281870519",NA
"6","0","0","75.6129083625286","huslerReissCopula","1.68636809769685",NA
"7","0","0","87.4063326217638","tevCopula","0.796894294738875","1.76310543592359"
"8","0","0","99.4082624839839","tCopula","0.75783172566088","3.75695310396261"
"9","0","0","99.0628542606422","rot gumbelCopula","2.19585935394226",NA
"10","0","0","98.054907446307","rot galambosCopula","1.47659016607486",NA
"11","0","0","94.9815796082984","rot huslerReissCopula","1.93796347450132",NA
"12","0","1","0","Independent",NA,NA
"13","0","1","71.6693362195055","normalCopula","0.690503550374962",NA
"14","0","1","50.1805220277174","claytonCopula","2.31956592516534",NA
"15","0","1","64.5886623588547","gumbelCopula","1.85595314622789",NA
"16","0","1","63.242543028886","galambosCopula","1.11887568314377",NA
"17","0","1","60.6071895366695","huslerReissCopula","1.5174237266209",NA
"18","0","1","64.9538241550891","tevCopula","0.788907928963036","2.55805317404444"
"19","0","1","75.1121372999709","tCopula","0.705467707256969","7.21812254147163"
"20","0","1","73.953524788974","rot gumbelCopula","1.93315597851083",NA
"21","0","1","72.8283013767926","rot galambosCopula","1.20944364119855",NA
"22","0","1","69.5001352159","rot huslerReissCopula","1.62041991820548",NA
"23","0","2","0","Independent",NA,NA
"24","0","2","74.4192470991648","normalCopula","0.699359835004281",NA
"25","0","2","77.6859188658608","claytonCopula","2.38286740280326",NA
"26","0","2","65.53513741899","gumbelCopula","1.88814792721693",NA
"27","0","2","62.2906680229592","galambosCopula","1.14877062181154",NA
"28","0","2","54.5846629603603","huslerReissCopula","1.44903914462953",NA
"29","0","2","71.5578039123718","tevCopula","0.716040325302514","1.41935667503807"
"30","0","2","82.4844926517886","tCopula","0.724402162545984","4.32071388935775"
"31","0","2","86.7943765904595","rot gumbelCopula","2.05262681282709",NA
"32","0","2","86.2924335682988","rot galambosCopula","1.33607809879089",NA
"33","0","2","84.5846668302477","rot huslerReissCopula","1.81492262924058",NA
"34","0","3","0","Independent",NA,NA
"35","0","3","118.566639389209","normalCopula","0.806293015767079",NA
"36","0","3","105.157405533078","claytonCopula","3.70508484168218",NA
"37","0","3","97.0349929809487","gumbelCopula","2.21436050397363",NA
"38","0","3","95.4514407769173","galambosCopula","1.47711179586723",NA
"39","0","3","90.4295491892901","huslerReissCopula","1.8544257098847",NA
"40","0","3","97.7078226624551","tevCopula","0.87579045809961","2.80067622060074"
"41","0","3","120.679850314907","tCopula","0.812559231518749","9.86437519505861"
"42","0","3","128.365513619624","rot gumbelCopula","2.50922511778891",NA
"43","0","3","128.760736153168","rot galambosCopula","1.80599635033918",NA
"44","0","3","128.28728261156","rot huslerReissCopula","2.38429546140315",NA
"45","1","0","0","Independent",NA,NA
"46","1","0","102.674923720248","normalCopula","0.77410544767185",NA
"47","1","0","110.745408664447","claytonCopula","3.20239297204511",NA
"48","1","0","86.132174945243","gumbelCopula","2.11185376394725",NA
"49","1","0","83.6818130006278","galambosCopula","1.36041090087178",NA
"50","1","0","79.0402252612811","huslerReissCopula","1.72523733537504",NA
"51","1","0","89.0572229556005","tevCopula","0.800926723049804","1.54695220813044"
"52","1","0","109.329635649024","tCopula","0.791090159112812","4.14089437811547"
"53","1","0","120.113150631606","rot gumbelCopula","2.45648500387528",NA
"54","1","0","118.239541180376","rot galambosCopula","1.73957222787665",NA
"55","1","0","112.214348190417","rot huslerReissCopula","2.16518653621788",NA
"56","1","1","0","Independent",NA,NA
"57","1","1","59.8450903816703","normalCopula","0.648254675346451",NA
"58","1","1","72.4800358870287","claytonCopula","1.74195119566897",NA
"59","1","1","50.3740740376169","gumbelCopula","1.70789003333921",NA
"60","1","1","48.4101124588988","galambosCopula","0.969983912545349",NA
"61","1","1","45.229420462059","huslerReissCopula","1.34102840876968",NA
"62","1","1","52.6118797212811","tevCopula","0.623694059305936","1.49265848074983"
"63","1","1","65.4308575731758","tCopula","0.653542294808862","3.70346454399382"
"64","1","1","72.3361034910176","rot gumbelCopula","1.88001884777736",NA
"65","1","1","71.9073034342765","rot galambosCopula","1.16792021833643",NA
"66","1","1","70.5984514906711","rot huslerReissCopula","1.63885609802605",NA
"67","1","2","0","Independent",NA,NA
"68","1","2","95.7969158271985","normalCopula","0.758220298863666",NA
"69","1","2","88.2250919434291","claytonCopula","3.08338110134205",NA
"70","1","2","86.6746394700744","gumbelCopula","2.11338647055465",NA
"71","1","2","83.7907901645484","galambosCopula","1.37553779165629",NA
"72","1","2","75.8975449141908","huslerReissCopula","1.68877424358146",NA
"73","1","2","91.1344036839765","tevCopula","0.81456095336762","1.78413441451014"
"74","1","2","106.147485900327","tCopula","0.781983441146844","4.41899179831847"
"75","1","2","108.901846783131","rot gumbelCopula","2.307160912645",NA
"76","1","2","107.937424613646","rot galambosCopula","1.59898732844342",NA
"77","1","2","102.436705128348","rot huslerReissCopula","2.03258120150947",NA
"78","1","3","0","Independent",NA,NA
"79","1","3","68.6155975677146","normalCopula","0.680267075714396",NA
"80","1","3","74.7629858329968","claytonCopula","1.88257331893138",NA
"81","1","3","55.8057886388205","gumbelCopula","1.75129410097689",NA
"82","1","3","55.0824516117019","galambosCopula","1.02466478079545",NA
"83","1","3","52.235058701975","huslerReissCopula","1.41811674400305",NA
"84","1","3","56.0967817275911","tevCopula","0.808680834261955","3.62290235447598"
"85","1","3","70.0819541071427","tCopula","0.681522930650028","8.59194067447485"
"86","1","3","76.796260401364","rot gumbelCopula","1.91117302792354",NA
"87","1","3","77.649146503899","rot galambosCopula","1.20683530104283",NA
"88","1","3","78.5802023794224","rot huslerReissCopula","1.73681083370415",NA
"89","10","0","0","Independent",NA,NA
"90","10","0","142.48437849364","normalCopula","0.845133319280856",NA
"91","10","0","120.493685297229","claytonCopula","4.49701100644349",NA
"92","10","0","116.884518682807","gumbelCopula","2.45059956678693",NA
"93","10","0","114.911642801211","galambosCopula","1.71072918805782",NA
"94","10","0","108.118604069063","huslerReissCopula","2.06323293614489",NA
"95","10","0","118.372079183443","tevCopula","0.895081702365779","2.45629729174711"
"96","10","0","143.708562865925","tCopula","0.849009017303745","13.4680114950309"
"97","10","0","151.645179008507","rot gumbelCopula","2.80011878533443",NA
"98","10","0","152.151729815581","rot galambosCopula","2.09803915548145",NA
"99","10","0","152.201392236394","rot huslerReissCopula","2.72968164930175",NA
"100","10","1","0","Independent",NA,NA
"101","10","1","104.319025991583","normalCopula","0.777682800216343",NA
"102","10","1","95.0293094199781","claytonCopula","3.50820314384764",NA
"103","10","1","86.8717897031","gumbelCopula","2.12175233104756",NA
"104","10","1","84.6286236291327","galambosCopula","1.37454950035107",NA
"105","10","1","79.076505488937","huslerReissCopula","1.72371008346802",NA
"106","10","1","88.7386232047294","tevCopula","0.836204307972409","2.09179530753726"
"107","10","1","110.006946070027","tCopula","0.795581370242566","6.68459372723692"
"108","10","1","117.829131894344","rot gumbelCopula","2.42036634384892",NA
"109","10","1","116.542044595579","rot galambosCopula","1.71057321377747",NA
"110","10","1","109.774161398995","rot huslerReissCopula","2.12481792418148",NA
"111","10","2","0","Independent",NA,NA
"112","10","2","106.998012362238","normalCopula","0.783389657304861",NA
"113","10","2","86.7954194250254","claytonCopula","3.02440451689514",NA
"114","10","2","95.5917574100156","gumbelCopula","2.17382961704316",NA
"115","10","2","94.4737995578928","galambosCopula","1.44721986026075",NA
"116","10","2","89.9227425956251","huslerReissCopula","1.85445395732706",NA
"117","10","2","96.0408099275162","tevCopula","0.878291974879729","3.15944564710365"
"118","10","2","109.226218778952","tCopula","0.788075151681721","7.78084480536872"
"119","10","2","110.430685231915","rot gumbelCopula","2.31536007417686",NA
"120","10","2","109.955948273285","rot galambosCopula","1.60039736401927",NA
"121","10","2","107.907821152864","rot huslerReissCopula","2.09712249509602",NA
"122","10","3","0","Independent",NA,NA
"123","10","3","78.1335591884155","normalCopula","0.710788141953107",NA
"124","10","3","75.621033799982","claytonCopula","2.38448005519341",NA
"125","10","3","62.6343307464024","gumbelCopula","1.83683292374957",NA
"126","10","3","61.7765534390654","galambosCopula","1.0997311575022",NA
"127","10","3","60.0170362712384","huslerReissCopula","1.51136878704828",NA
"128","10","3","62.3164045450871","tevCopula","0.824789784606427","3.46433354093286"
"129","10","3","78.9577631735482","tCopula","0.71609739624422","11.5390443390371"
"130","10","3","85.7160038896305","rot gumbelCopula","2.04026562357322",NA
"131","10","3","84.9986145289498","rot galambosCopula","1.3240140248936",NA
"132","10","3","82.8813243282081","rot huslerReissCopula","1.78436739079952",NA
"133","11","0","0","Independent",NA,NA
"134","11","0","94.9269436098104","normalCopula","0.756158159917727",NA
"135","11","0","106.834316772292","claytonCopula","3.08187412963661",NA
"136","11","0","79.3232809616705","gumbelCopula","2.04968733617502",NA
"137","11","0","76.1064896950916","galambosCopula","1.29939222942529",NA
"138","11","0","69.2841871559185","huslerReissCopula","1.6136626547094",NA
"139","11","0","84.9028687099431","tevCopula","0.77809953525364","1.41624711443639"
"140","11","0","103.929923487992","tCopula","0.780270136903998","4.11320433372018"
"141","11","0","114.392220009349","rot gumbelCopula","2.37376600394319",NA
"142","11","0","113.2874954988","rot galambosCopula","1.66125007260232",NA
"143","11","0","109.303346922049","rot huslerReissCopula","2.13609902806723",NA
"144","11","1","0","Independent",NA,NA
"145","11","1","81.0561483795724","normalCopula","0.719380083196548",NA
"146","11","1","86.1491944602247","claytonCopula","2.41800725707202",NA
"147","11","1","62.5506584450799","gumbelCopula","1.83588761818705",NA
"148","11","1","61.887044127679","galambosCopula","1.1021898082818",NA
"149","11","1","59.7024563197421","huslerReissCopula","1.50584977550008",NA
"150","11","1","62.3653959209056","tevCopula","0.848600483279315","4.17152687256871"
"151","11","1","81.8440049766945","tCopula","0.723807973304834","13.2303475449485"
"152","11","1","91.3042108598703","rot gumbelCopula","2.08548777170124",NA
"153","11","1","91.1886997886484","rot galambosCopula","1.37742253685054",NA
"154","11","1","89.8648117544507","rot huslerReissCopula","1.87554831509372",NA
"155","11","2","0","Independent",NA,NA
"156","11","2","131.447176062946","normalCopula","0.828393907393299",NA
"157","11","2","106.94244472286","claytonCopula","4.18755867543282",NA
"158","11","2","119.675148549469","gumbelCopula","2.49083295535157",NA
"159","11","2","116.91134164538","galambosCopula","1.7617151956156",NA
"160","11","2","103.534033115391","huslerReissCopula","2.01143950305862",NA
"161","11","2","125.719784107303","tevCopula","0.878259665336345","1.84210681172233"
"162","11","2","139.944639731288","tCopula","0.844844378344825","5.02135020820514"
"163","11","2","141.54508697392","rot gumbelCopula","2.71950110943776",NA
"164","11","2","140.464074944934","rot galambosCopula","2.00516985886395",NA
"165","11","2","134.594378158896","rot huslerReissCopula","2.46024392758675",NA
"166","11","3","0","Independent",NA,NA
"167","11","3","46.486791564123","normalCopula","0.589956353863986",NA
"168","11","3","52.1264634581452","claytonCopula","1.68907101838886",NA
"169","11","3","42.7554422440778","gumbelCopula","1.640746048622",NA
"170","11","3","39.8744204510774","galambosCopula","0.900121466408171",NA
"171","11","3","34.7017732640868","huslerReissCopula","1.22034753204461",NA
"172","11","3","47.4216885215431","tevCopula","0.593215926509163","1.44608678948381"
"173","11","3","57.0670603872734","tCopula","0.627177623723405","3.50998287691782"
"174","11","3","57.9364265987685","rot gumbelCopula","1.75572091288026",NA
"175","11","3","56.4324960356302","rot galambosCopula","1.03113510001552",NA
"176","11","3","53.492749862328","rot huslerReissCopula","1.43287226698686",NA
"177","12","0","0","Independent",NA,NA
"178","12","0","114.165724549434","normalCopula","0.797958343506594",NA
"179","12","0","113.710192800147","claytonCopula","3.85274096502613",NA
"180","12","0","103.663565100605","gumbelCopula","2.31834712320339",NA
"181","12","0","100.441141798602","galambosCopula","1.57325290418423",NA
"182","12","0","91.0744062683012","huslerReissCopula","1.86635865822738",NA
"183","12","0","110.936983838134","tevCopula","0.835516841785005","1.4001659634495"
"184","12","0","129.804976475777","tCopula","0.825960876723542","3.27045267820271"
"185","12","0","134.847917784241","rot gumbelCopula","2.6519265907274",NA
"186","12","0","132.794200632289","rot galambosCopula","1.93992909379349",NA
"187","12","0","123.613276197308","rot huslerReissCopula","2.31854813490983",NA
"188","12","1","0","Independent",NA,NA
"189","12","1","81.9061180473921","normalCopula","0.721845142054044",NA
"190","12","1","61.6820171365027","claytonCopula","3.08877648880149",NA
"191","12","1","73.6582589896878","gumbelCopula","2.00524205674281",NA
"192","12","1","69.3364506618649","galambosCopula","1.25102947747669",NA
"193","12","1","60.8246720579331","huslerReissCopula","1.52277506115542",NA
"194","12","1","84.8760952639852","tevCopula","0.726709056141964","1.03132163001269"
"195","12","1","92.0585339606494","tCopula","0.763868709824807","4.42804895609662"
"196","12","1","92.8581397122548","rot gumbelCopula","2.15991486044702",NA
"197","12","1","91.0438201143364","rot galambosCopula","1.42973434470429",NA
"198","12","1","85.7652334195287","rot huslerReissCopula","1.8214161093798",NA
"199","12","2","0","Independent",NA,NA
"200","12","2","87.3014575921568","normalCopula","0.736735003364949",NA
"201","12","2","97.6767406020306","claytonCopula","2.96127345671885",NA
"202","12","2","72.5907104530024","gumbelCopula","1.9771201681344",NA
"203","12","2","69.4997865378577","galambosCopula","1.22543893799256",NA
"204","12","2","63.1851959557422","huslerReissCopula","1.54672835708904",NA
"205","12","2","78.058138169879","tevCopula","0.754164059103602","1.39186389346453"
"206","12","2","96.8176863118647","tCopula","0.765006602684948","4.19422438409247"
"207","12","2","106.242010527282","rot gumbelCopula","2.27954468309287",NA
"208","12","2","105.103509190568","rot galambosCopula","1.56624657672935",NA
"209","12","2","100.704322887869","rot huslerReissCopula","2.02082387093336",NA
"210","12","3","0","Independent",NA,NA
"211","12","3","93.866543918109","normalCopula","0.753525169042899",NA
"212","12","3","122.682285651056","claytonCopula","3.47302342163751",NA
"213","12","3","78.1472600440648","gumbelCopula","2.06186411220814",NA
"214","12","3","74.0270379232525","galambosCopula","1.29603504132014",NA
"215","12","3","66.6469333338284","huslerReissCopula","1.58564976163345",NA
"216","12","3","90.2619240858141","tevCopula","0.750559755306951","0.909032684878992"
"217","12","3","111.72837916714","tCopula","0.799902845890078","2.81132461603695"
"218","12","3","124.516760275238","rot gumbelCopula","2.53232112138952",NA
"219","12","3","121.897963153157","rot galambosCopula","1.81760553770975",NA
"220","12","3","112.487549486298","rot huslerReissCopula","2.18506514048075",NA
"221","13","0","0","Independent",NA,NA
"222","13","0","100.718372315873","normalCopula","0.769699159171238",NA
"223","13","0","88.1758736844441","claytonCopula","2.9569868849659",NA
"224","13","0","87.5301796855943","gumbelCopula","2.09305065578579",NA
"225","13","0","85.8424867749189","galambosCopula","1.37569101372789",NA
"226","13","0","77.2914951566966","huslerReissCopula","1.70005935832657",NA
"227","13","0","89.9329291191907","tevCopula","0.85855684785628","2.84461851797004"
"228","13","0","104.414147113069","tCopula","0.778879822416875","7.59987227791604"
"229","13","0","107.220614971824","rot gumbelCopula","2.25488021051625",NA
"230","13","0","108.040449240875","rot galambosCopula","1.55115075471554",NA
"231","13","0","108.688455992213","rot huslerReissCopula","2.11871159343776",NA
"232","13","1","0","Independent",NA,NA
"233","13","1","82.9925566784262","normalCopula","0.724917368146085",NA
"234","13","1","104.985638234677","claytonCopula","2.67812365418153",NA
"235","13","1","62.8456279551092","gumbelCopula","1.87568340301769",NA
"236","13","1","60.2130614456268","galambosCopula","1.12370624851637",NA
"237","13","1","55.4340112258015","huslerReissCopula","1.46206562202356",NA
"238","13","1","66.1590881941735","tevCopula","0.731837331864155","1.52924847625881"
"239","13","1","88.2045663703638","tCopula","0.745727365246715","5.39399893721136"
"240","13","1","103.178883937914","rot gumbelCopula","2.22796529456788",NA
"241","13","1","102.676727945437","rot galambosCopula","1.51983692303742",NA
"242","13","1","100.646327013378","rot huslerReissCopula","2.02687708439668",NA
"243","13","2","0","Independent",NA,NA
"244","13","2","74.6308807765873","normalCopula","0.700014935673339",NA
"245","13","2","46.856299553051","claytonCopula","2.675566048455",NA
"246","13","2","59.8786615226221","gumbelCopula","1.83821637806154",NA
"247","13","2","57.5874316822137","galambosCopula","1.09232611315286",NA
"248","13","2","52.8383886877561","huslerReissCopula","1.43495146239058",NA
"249","13","2","62.1825086288165","tevCopula","0.739029105318378","1.82478747049384"
"250","13","2","75.5773857166293","tCopula","0.710708784562429","14.8931191825466"
"251","13","2","76.5244753259226","rot gumbelCopula","1.96040403566128",NA
"252","13","2","76.5016348998043","rot galambosCopula","1.23418930228792",NA
"253","13","2","75.9398072198251","rot huslerReissCopula","1.70072163720639",NA
"254","13","3","0","Independent",NA,NA
"255","13","3","101.417208748358","normalCopula","0.771272678464869",NA
"256","13","3","110.948000156316","claytonCopula","3.01349526309861",NA
"257","13","3","77.0691961253613","gumbelCopula","1.99327408554565",NA
"258","13","3","76.3659858618594","galambosCopula","1.2543211363316",NA
"259","13","3","73.9715920558567","huslerReissCopula","1.66438202370874",NA
"260","13","3","76.7236520297344","tevCopula","0.883521610976119","4.44444410403303"
"261","13","3","102.558282984714","tCopula","0.775970491987427","12.7569006032284"
"262","13","3","115.767752459841","rot gumbelCopula","2.35349324500174",NA
"263","13","3","115.948880146149","rot galambosCopula","1.65486398844594",NA
"264","13","3","114.062725598335","rot huslerReissCopula","2.19412213440779",NA
"265","14","0","0","Independent",NA,NA
"266","14","0","66.2490704990283","normalCopula","0.672044302605965",NA
"267","14","0","49.0776561952558","claytonCopula","1.89190287341909",NA
"268","14","0","58.5056968511096","gumbelCopula","1.75541197060026",NA
"269","14","0","59.1751414998705","galambosCopula","1.03962217421921",NA
"270","14","0","58.403411732844","huslerReissCopula","1.48728113700741",NA
"271","14","0","59.2703672902816","tevCopula","0.899439582458705","7.71542390209452"
"272","14","0","67.0576265531024","tCopula","0.673656335084561","14.7966658913229"
"273","14","0","64.7649280101009","rot gumbelCopula","1.80087349254129",NA
"274","14","0","65.637587854356","rot galambosCopula","1.09444096047609",NA
"275","14","0","65.5667965103092","rot huslerReissCopula","1.57331974539508",NA
"276","14","1","0","Independent",NA,NA
"277","14","1","81.873153784568","normalCopula","0.721749192470454",NA
"278","14","1","86.1136279735462","claytonCopula","2.6330878955475",NA
"279","14","1","67.3167456677283","gumbelCopula","1.90451157502637",NA
"280","14","1","65.2698203749406","galambosCopula","1.15965798781029",NA
"281","14","1","60.7882336488722","huslerReissCopula","1.52043613720612",NA
"282","14","1","69.4167407477096","tevCopula","0.76200635835839","1.84242274682435"
"283","14","1","87.6312106215323","tCopula","0.741096522810445","5.38374755140617"
"284","14","1","95.5045091789197","rot gumbelCopula","2.14834202144454",NA
"285","14","1","94.7727733429584","rot galambosCopula","1.43785856037568",NA
"286","14","1","91.427089309483","rot huslerReissCopula","1.89607488012618",NA
"287","14","2","0","Independent",NA,NA
"288","14","2","102.005180672295","normalCopula","0.772671389028157",NA
"289","14","2","61.8370653137967","claytonCopula","2.84525714288583",NA
"290","14","2","90.3958006043551","gumbelCopula","2.09620297373114",NA
"291","14","2","90.5304108022883","galambosCopula","1.37452593990443",NA
"292","14","2","89.8991405467606","huslerReissCopula","1.85919297743593",NA
"293","14","2","90.4273085182034","tevCopula","0.941413740646893","8.58126884161465"
"294","14","2","102.007647976273","tCopula","0.77283273742508","141.241415250288"
"295","14","2","95.7532621509057","rot gumbelCopula","2.14503712747699",NA
"296","14","2","96.1636195507313","rot galambosCopula","1.42691074547229",NA
"297","14","2","96.2898816245756","rot huslerReissCopula","1.93992340676662",NA
"298","14","3","0","Independent",NA,NA
"299","14","3","95.3547371107761","normalCopula","0.757247965357227",NA
"300","14","3","90.2400361655763","claytonCopula","2.61843560096686",NA
"301","14","3","83.1142292754328","gumbelCopula","2.03263837328298",NA
"302","14","3","82.5345915335591","galambosCopula","1.30391465950272",NA
"303","14","3","80.6031449060002","huslerReissCopula","1.74627397129353",NA
"304","14","3","82.8509004234343","tevCopula","0.884114775071503","4.22702088417612"
"305","14","3","98.7366638850067","tCopula","0.760938456914027","6.02442806388859"
"306","14","3","103.232950491753","rot gumbelCopula","2.22473145794781",NA
"307","14","3","102.730714640123","rot galambosCopula","1.51501100024946",NA
"308","14","3","100.035914886667","rot huslerReissCopula","2.00007027435102",NA
"309","2","0","0","Independent",NA,NA
"310","2","0","98.4701494102201","normalCopula","0.764549939934148",NA
"311","2","0","85.5816443523892","claytonCopula","2.80897435814058",NA
"312","2","0","79.3528494436462","gumbelCopula","2.00217288858664",NA
"313","2","0","78.9680946819664","galambosCopula","1.26657577126261",NA
"314","2","0","77.9339600988882","huslerReissCopula","1.71204274372897",NA
"315","2","0","78.7915906764271","tevCopula","0.916147559355404","6.63520401703848"
"316","2","0","98.5456399592609","tCopula","0.765202906314673","46.730882973406"
"317","2","0","102.46397530204","rot gumbelCopula","2.20046781881098",NA
"318","2","0","103.215134205271","rot galambosCopula","1.49287594259473",NA
"319","2","0","104.014914360573","rot huslerReissCopula","2.0523036958611",NA
"320","2","1","0","Independent",NA,NA
"321","2","1","109.29933020867","normalCopula","0.788169858848056",NA
"322","2","1","106.880777251894","claytonCopula","3.18766784813332",NA
"323","2","1","99.6083403416444","gumbelCopula","2.2320303076074",NA
"324","2","1","98.0467928984893","galambosCopula","1.4955024922597",NA
"325","2","1","93.3947680575762","huslerReissCopula","1.8985262107842",NA
"326","2","1","100.813627886284","tevCopula","0.859309874108283","2.32471720982372"
"327","2","1","119.931891237489","tCopula","0.800290711697676","3.97177182682799"
"328","2","1","123.545686377227","rot gumbelCopula","2.47340610808861",NA
"329","2","1","122.594776154545","rot galambosCopula","1.76523702864815",NA
"330","2","1","116.486597386507","rot huslerReissCopula","2.21571686946085",NA
"331","2","2","0","Independent",NA,NA
"332","2","2","100.808174586402","normalCopula","0.769892898823582",NA
"333","2","2","69.6295528025134","claytonCopula","3.3452919826593",NA
"334","2","2","86.9386865954655","gumbelCopula","2.09368056424516",NA
"335","2","2","86.0233101406134","galambosCopula","1.36012620362183",NA
"336","2","2","82.1214177198409","huslerReissCopula","1.76201406949329",NA
"337","2","2","87.0972545461179","tevCopula","0.883354449472623","3.74713603887413"
"338","2","2","104.690248853239","tCopula","0.782708820009965","9.09804801401473"
"339","2","2","105.533827429683","rot gumbelCopula","2.28198767512267",NA
"340","2","2","104.286719014408","rot galambosCopula","1.562041968692",NA
"341","2","2","98.84829392816","rot huslerReissCopula","1.97506885124531",NA
"342","2","3","0","Independent",NA,NA
"343","2","3","92.9444583988238","normalCopula","0.751347670388274",NA
"344","2","3","113.168949444993","claytonCopula","2.82794395280578",NA
"345","2","3","75.0396524552005","gumbelCopula","1.97862308285379",NA
"346","2","3","73.3383666191963","galambosCopula","1.24093444519193",NA
"347","2","3","67.2598249362538","huslerReissCopula","1.59084600270098",NA
"348","2","3","76.7737629731072","tevCopula","0.817980834780889","2.41374334633184"
"349","2","3","100.058850817143","tCopula","0.767502919963501","5.18086742280278"
"350","2","3","113.053517649198","rot gumbelCopula","2.33728474281573",NA
"351","2","3","112.57271488306","rot galambosCopula","1.63249472424349",NA
"352","2","3","109.668753800606","rot huslerReissCopula","2.14152650221925",NA
"353","3","0","0","Independent",NA,NA
"354","3","0","60.917405037638","normalCopula","0.65236163372444",NA
"355","3","0","63.0561174940173","claytonCopula","1.94255642434262",NA
"356","3","0","50.8341949031033","gumbelCopula","1.71308439806364",NA
"357","3","0","50.1494173951269","galambosCopula","0.972712539481599",NA
"358","3","0","49.1207798879104","huslerReissCopula","1.38657889271475",NA
"359","3","0","50.4543294091044","tevCopula","0.796384973023739","3.66128818264024"
"360","3","0","65.5816698301514","tCopula","0.665579957261415","5.49978003269473"
"361","3","0","70.6450629200241","rot gumbelCopula","1.87873514890782",NA
"362","3","0","69.5356533446023","rot galambosCopula","1.16377064715484",NA
"363","3","0","65.9469155393163","rot huslerReissCopula","1.5804094807011",NA
"364","3","1","0","Independent",NA,NA
"365","3","1","83.1088323782566","normalCopula","0.725244515015429",NA
"366","3","1","88.6687690423562","claytonCopula","2.52794700788836",NA
"367","3","1","67.7443383345578","gumbelCopula","1.88884738060357",NA
"368","3","1","66.9879766430125","galambosCopula","1.1494529892497",NA
"369","3","1","65.5200300539336","huslerReissCopula","1.57076041350469",NA
"370","3","1","67.1912011894134","tevCopula","0.855750698067958","4.07456179736098"
"371","3","1","86.5917491187627","tCopula","0.734212575381899","5.84725880730019"
"372","3","1","96.1521269785671","rot gumbelCopula","2.15583797679549",NA
"373","3","1","94.7201518655932","rot galambosCopula","1.44539311698626",NA
"374","3","1","89.7100194018897","rot huslerReissCopula","1.87029971616514",NA
"375","3","2","0","Independent",NA,NA
"376","3","2","84.1630249670511","normalCopula","0.728189805920381",NA
"377","3","2","84.3536323987272","claytonCopula","2.38055840349635",NA
"378","3","2","76.5296417244718","gumbelCopula","1.97234092035009",NA
"379","3","2","74.8739665361911","galambosCopula","1.24546589439973",NA
"380","3","2","69.3354051577093","huslerReissCopula","1.61410642779179",NA
"381","3","2","78.2620953529129","tevCopula","0.80933095334102","2.36814099526261"
"382","3","2","91.943004304042","tCopula","0.737926751266676","4.11816941724634"
"383","3","2","94.5833237422263","rot gumbelCopula","2.12819603639614",NA
"384","3","2","94.0620284803759","rot galambosCopula","1.42057927330547",NA
"385","3","2","90.9254137816203","rot huslerReissCopula","1.88634482632395",NA
"386","3","3","0","Independent",NA,NA
"387","3","3","97.008268761886","normalCopula","0.761121849441568",NA
"388","3","3","113.032699410264","claytonCopula","3.0629620268541",NA
"389","3","3","81.8759932305379","gumbelCopula","2.07548653949158",NA
"390","3","3","78.8062810506142","galambosCopula","1.3204050226001",NA
"391","3","3","73.4741300093155","huslerReissCopula","1.66202671768362",NA
"392","3","3","87.0140873003611","tevCopula","0.774672562105906","1.31559748164647"
"393","3","3","107.472179934687","tCopula","0.783865645716277","3.45999756138885"
"394","3","3","118.301838777565","rot gumbelCopula","2.41771917223378",NA
"395","3","3","116.972890191094","rot galambosCopula","1.7124644399296",NA
"396","3","3","110.568605757794","rot huslerReissCopula","2.1499837925222",NA
"397","4","0","0","Independent",NA,NA
"398","4","0","68.1681068680662","normalCopula","0.67872996139707",NA
"399","4","0","69.7594264729898","claytonCopula","2.15939791918724",NA
"400","4","0","57.9071000117116","gumbelCopula","1.79548858904414",NA
"401","4","0","55.933631367755","galambosCopula","1.0587234745614",NA
"402","4","0","50.69573944583","huslerReissCopula","1.40483326876013",NA
"403","4","0","59.9849499499382","tevCopula","0.738610965472999","2.07169825312154"
"404","4","0","73.4644578390127","tCopula","0.695679893984858","5.72625944984216"
"405","4","0","78.0182817742646","rot gumbelCopula","1.94489210237732",NA
"406","4","0","78.1320557942437","rot galambosCopula","1.23624394316028",NA
"407","4","0","77.0987809631461","rot huslerReissCopula","1.71990649138265",NA
"408","4","1","0","Independent",NA,NA
"409","4","1","48.4031059513113","normalCopula","0.599147261006289",NA
"410","4","1","59.5736937334771","claytonCopula","1.37301888802364",NA
"411","4","1","34.8253661278086","gumbelCopula","1.53269239379384",NA
"412","4","1","35.6281771589021","galambosCopula","0.805526249051932",NA
"413","4","1","35.852927510472","huslerReissCopula","1.22861290636057",NA
"414","4","1","35.8525431348662","tevCopula","0.954299066036893","27.7277962729564"
"415","4","1","48.9409757371072","tCopula","0.59690079763264","12.3001303006129"
"416","4","1","57.6546696248173","rot gumbelCopula","1.70747031402881",NA
"417","4","1","58.1405987110409","rot galambosCopula","1.00284119915306",NA
"418","4","1","58.1997032296988","rot huslerReissCopula","1.482930960308",NA
"419","4","2","0","Independent",NA,NA
"420","4","2","47.9002004797271","normalCopula","0.596758364665586",NA
"421","4","2","35.7889188619153","claytonCopula","1.5190634589047",NA
"422","4","2","38.8918920246128","gumbelCopula","1.5708160737763",NA
"423","4","2","39.7097333019967","galambosCopula","0.848701681345442",NA
"424","4","2","39.5741099216964","huslerReissCopula","1.27330496693377",NA
"425","4","2","39.8060979430744","tevCopula","0.920623486871466","14.1803338600364"
"426","4","2","48.0223855283187","tCopula","0.598746865807531","37.1100074862181"
"427","4","2","46.4941155110406","rot gumbelCopula","1.63101355726743",NA
"428","4","2","46.9718974344317","rot galambosCopula","0.912634249865131",NA
"429","4","2","46.8199833240141","rot huslerReissCopula","1.35280310169278",NA
"430","4","3","0","Independent",NA,NA
"431","4","3","63.9587727467311","normalCopula","0.663754009870554",NA
"432","4","3","79.0935649489474","claytonCopula","1.89007635666563",NA
"433","4","3","49.4013702628657","gumbelCopula","1.70243913119601",NA
"434","4","3","48.3649898192943","galambosCopula","0.963665733762182",NA
"435","4","3","46.1651299378376","huslerReissCopula","1.35361842597572",NA
"436","4","3","49.5762252026629","tevCopula","0.743600497392861","2.69981039558329"
"437","4","3","66.9436193144898","tCopula","0.671596311477753","5.63367042722011"
"438","4","3","77.6646876067616","rot gumbelCopula","1.93797303381559",NA
"439","4","3","77.1401508893642","rot galambosCopula","1.22679450682914",NA
"440","4","3","75.6201468200129","rot huslerReissCopula","1.70102426391344",NA
"441","5","0","0","Independent",NA,NA
"442","5","0","81.6361558741075","normalCopula","0.721495495793534",NA
"443","5","0","100.397336726072","claytonCopula","2.51453620303309",NA
"444","5","0","68.691102277276","gumbelCopula","1.9162426999899",NA
"445","5","0","66.3599748758856","galambosCopula","1.17485891950598",NA
"446","5","0","60.8570836809703","huslerReissCopula","1.52050105839537",NA
"447","5","0","71.7871061527696","tevCopula","0.762532653845993","1.78931042529179"
"448","5","0","92.3390884110696","tCopula","0.742174384439388","3.74989059548048"
"449","5","0","101.62011111611","rot gumbelCopula","2.20984808402708",NA
"450","5","0","100.984479444619","rot galambosCopula","1.50378730413403",NA
"451","5","0","97.8978168333859","rot huslerReissCopula","1.99118755092037",NA
"452","5","1","0","Independent",NA,NA
"453","5","1","73.4578205503657","normalCopula","0.696298494142645",NA
"454","5","1","100.922812219977","claytonCopula","2.57198723624723",NA
"455","5","1","56.9163105736836","gumbelCopula","1.82108736758619",NA
"456","5","1","53.9434190899953","galambosCopula","1.05995092755818",NA
"457","5","1","49.8664084932978","huslerReissCopula","1.40147181790594",NA
"458","5","1","62.7285893130861","tevCopula","0.645512538540208","0.995290110628561"
"459","5","1","83.5983652659741","tCopula","0.732690675858879","3.5630284661028"
"460","5","1","97.7999475363399","rot gumbelCopula","2.18522134334428",NA
"461","5","1","95.960201683913","rot galambosCopula","1.47380760139273",NA
"462","5","1","89.6054107392761","rot huslerReissCopula","1.88223184143786",NA
"463","5","2","0","Independent",NA,NA
"464","5","2","90.5596373409015","normalCopula","0.745232762335747",NA
"465","5","2","60.9734443513674","claytonCopula","2.82428792148817",NA
"466","5","2","89.6824867599642","gumbelCopula","2.12206518530229",NA
"467","5","2","87.4830035473412","galambosCopula","1.39518045181982",NA
"468","5","2","80.7808630409761","huslerReissCopula","1.75163084039722",NA
"469","5","2","92.7358788924861","tevCopula","0.825791886655976","2.04937032508934"
"470","5","2","100.251072505963","tCopula","0.766762090026472","4.64136685785347"
"471","5","2","94.0314927886639","rot gumbelCopula","2.15414591046375",NA
"472","5","2","92.7047629252158","rot galambosCopula","1.4338601649201",NA
"473","5","2","87.097596357223","rot huslerReissCopula","1.82660958033386",NA
"474","5","3","0","Independent",NA,NA
"475","5","3","70.4116630975188","normalCopula","0.686391137487271",NA
"476","5","3","93.8465603403196","claytonCopula","2.32308412395643",NA
"477","5","3","55.772655246204","gumbelCopula","1.79335858326128",NA
"478","5","3","53.4632666618568","galambosCopula","1.04829418205994",NA
"479","5","3","47.8952861297065","huslerReissCopula","1.37746069507249",NA
"480","5","3","58.6699198928432","tevCopula","0.724614107336366","1.81342458818624"
"481","5","3","79.7256318255036","tCopula","0.717975180662153","4.31583148195313"
"482","5","3","91.7137311364682","rot gumbelCopula","2.11137866387293",NA
"483","5","3","90.1458125341374","rot galambosCopula","1.40208903873325",NA
"484","5","3","84.3383180246637","rot huslerReissCopula","1.81118686678063",NA
"485","6","0","0","Independent",NA,NA
"486","6","0","92.1968876914194","normalCopula","0.749390002082572",NA
"487","6","0","75.4690268516481","claytonCopula","2.69814836723607",NA
"488","6","0","77.5573018623511","gumbelCopula","1.98039256670067",NA
"489","6","0","77.1988300341758","galambosCopula","1.248404351498",NA
"490","6","0","75.568415196295","huslerReissCopula","1.68557529240155",NA
"491","6","0","77.2522327481523","tevCopula","0.900545615097271","5.5452083600058"
"492","6","0","93.502440038394","tCopula","0.754037005974267","11.5238030544404"
"493","6","0","95.9756304957315","rot gumbelCopula","2.14306327199723",NA
"494","6","0","95.9263057130847","rot galambosCopula","1.43394132444373",NA
"495","6","0","93.8058293939851","rot huslerReissCopula","1.91753685941556",NA
"496","6","1","0","Independent",NA,NA
"497","6","1","68.5850766374498","normalCopula","0.680176586630452",NA
"498","6","1","71.7724240675347","claytonCopula","2.40035400272485",NA
"499","6","1","58.6678665959854","gumbelCopula","1.8158350044888",NA
"500","6","1","56.8556392845541","galambosCopula","1.06606934942458",NA
"501","6","1","53.87768736629","huslerReissCopula","1.4439952185617",NA
"502","6","1","60.0099943557151","tevCopula","0.735292540735445","1.86859521691152"
"503","6","1","78.2910903355463","tCopula","0.712214741833458","4.39794723840783"
"504","6","1","83.4207759892596","rot gumbelCopula","2.0386357670072",NA
"505","6","1","81.2147271466367","rot galambosCopula","1.31825052216618",NA
"506","6","1","74.4134958761492","rot huslerReissCopula","1.68279272232371",NA
"507","6","2","0","Independent",NA,NA
"508","6","2","69.3084725274716","normalCopula","0.682609871225532",NA
"509","6","2","70.0939764327385","claytonCopula","1.93109295056953",NA
"510","6","2","57.587489131197","gumbelCopula","1.76338365239347",NA
"511","6","2","57.6262728787651","galambosCopula","1.03177573458259",NA
"512","6","2","57.4505414553476","huslerReissCopula","1.47681575568033",NA
"513","6","2","57.5648799020003","tevCopula","0.934584851524711","12.7304678198466"
"514","6","2","71.3838833192579","tCopula","0.680873771770434","6.98168543136399"
"515","6","2","76.395621196793","rot gumbelCopula","1.91241963423886",NA
"516","6","2","76.8013520678915","rot galambosCopula","1.20649571450468",NA
"517","6","2","76.6562231472411","rot huslerReissCopula","1.71038006693788",NA
"518","6","3","0","Independent",NA,NA
"519","6","3","42.0594528145801","normalCopula","0.567470513729844",NA
"520","6","3","40.9279674973629","claytonCopula","1.60630741241846",NA
"521","6","3","39.077834028389","gumbelCopula","1.60033984509366",NA
"522","6","3","36.9288663046726","galambosCopula","0.853205022913037",NA
"523","6","3","34.1084874630175","huslerReissCopula","1.21112837950655",NA
"524","6","3","41.8526878718667","tevCopula","0.544797048800302","1.35240935508372"
"525","6","3","51.2829878373527","tCopula","0.605274016182239","3.6764393186902"
"526","6","3","50.5827354996049","rot gumbelCopula","1.69214021493686",NA
"527","6","3","48.4166880106716","rot galambosCopula","0.963756026476694",NA
"528","6","3","44.1476251789406","rot huslerReissCopula","1.32054606619117",NA
"529","7","0","0","Independent",NA,NA
"530","7","0","78.4775939255057","normalCopula","0.71181386406555",NA
"531","7","0","98.2302842101293","claytonCopula","2.38292993380358",NA
"532","7","0","61.9954184694659","gumbelCopula","1.84711696605722",NA
"533","7","0","59.8069027492261","galambosCopula","1.1072059472947",NA
"534","7","0","55.0110476119758","huslerReissCopula","1.45570741596245",NA
"535","7","0","64.3925398316897","tevCopula","0.74886142132867","1.94159336873863"
"536","7","0","84.34479211149","tCopula","0.729118614567986","4.9352893495177"
"537","7","0","96.3257883000139","rot gumbelCopula","2.14138530819706",NA
"538","7","0","96.0660398125963","rot galambosCopula","1.43707017063764",NA
"539","7","0","93.9012379563587","rot huslerReissCopula","1.93386807387729",NA
"540","7","1","0","Independent",NA,NA
"541","7","1","51.9843353267456","normalCopula","0.615514931821602",NA
"542","7","1","72.4596444528889","claytonCopula","1.60075271271785",NA
"543","7","1","42.8389086452226","gumbelCopula","1.6226643164323",NA
"544","7","1","41.9051771339265","galambosCopula","0.886435675090316",NA
"545","7","1","40.1590625858286","huslerReissCopula","1.27905666978406",NA
"546","7","1","43.1882083491903","tevCopula","0.703577853592867","2.65451680943304"
"547","7","1","62.9747645561796","tCopula","0.607799364911133","2.59737927498399"
"548","7","1","70.1807352637245","rot gumbelCopula","1.85906195926661",NA
"549","7","1","68.5502226054081","rot galambosCopula","1.14814802630663",NA
"550","7","1","64.1166669216187","rot huslerReissCopula","1.55502743896876",NA
"551","7","2","0","Independent",NA,NA
"552","7","2","95.6637015242491","normalCopula","0.757897966035785",NA
"553","7","2","76.9158885752247","claytonCopula","2.89883776422737",NA
"554","7","2","84.4013839803782","gumbelCopula","2.05950545876869",NA
"555","7","2","83.0720865942684","galambosCopula","1.33280547025805",NA
"556","7","2","78.4387411625057","huslerReissCopula","1.71935470203428",NA
"557","7","2","85.3362018889684","tevCopula","0.853161456058392","2.90560725451912"
"558","7","2","99.585319396351","tCopula","0.768254645633657","6.5977516775467"
"559","7","2","101.030168355196","rot gumbelCopula","2.21146444960787",NA
"560","7","2","100.565781906032","rot galambosCopula","1.49597957780803",NA
"561","7","2","98.5371446243372","rot huslerReissCopula","1.97974814020067",NA
"562","7","3","0","Independent",NA,NA
"563","7","3","87.2951355118743","normalCopula","0.736750937472826",NA
"564","7","3","86.9539337946593","claytonCopula","2.54235311279014",NA
"565","7","3","71.3346849978641","gumbelCopula","1.92099662968203",NA
"566","7","3","70.7947877952019","galambosCopula","1.18735448866106",NA
"567","7","3","68.921450950128","huslerReissCopula","1.60923394053852",NA
"568","7","3","71.0662559334231","tevCopula","0.874456782793736","4.57185412787339"
"569","7","3","90.014625631508","tCopula","0.744266432253704","8.02072260629531"
"570","7","3","97.0988551250323","rot gumbelCopula","2.15494478744276",NA
"571","7","3","96.7174744234457","rot galambosCopula","1.4465997080016",NA
"572","7","3","93.8649518571083","rot huslerReissCopula","1.92298895326301",NA
"573","8","0","0","Independent",NA,NA
"574","8","0","66.9833255508756","normalCopula","0.674617463714978",NA
"575","8","0","104.476252463783","claytonCopula","2.47631176433819",NA
"576","8","0","53.2549451621527","gumbelCopula","1.79628186182404",NA
"577","8","0","49.212581505444","galambosCopula","1.02848132087652",NA
"578","8","0","43.7051780141391","huslerReissCopula","1.33460381215249",NA
"579","8","0","65.8039448554703","tevCopula","0.609813813352643","0.739098610578595"
"580","8","0","84.9627806156237","tCopula","0.738413004079533","2.56121587037375"
"581","8","0","97.2856203886991","rot gumbelCopula","2.20538059825741",NA
"582","8","0","94.1060970175267","rot galambosCopula","1.48338727976359",NA
"583","8","0","86.008710684708","rot huslerReissCopula","1.84227360826736",NA
"584","8","1","0","Independent",NA,NA
"585","8","1","86.7086836424726","normalCopula","0.735152975397564",NA
"586","8","1","104.362715827929","claytonCopula","2.8082206416555",NA
"587","8","1","73.0060866605047","gumbelCopula","1.97783218813254",NA
"588","8","1","69.8657666605757","galambosCopula","1.22690004559311",NA
"589","8","1","64.0919944547135","huslerReissCopula","1.55793264726497",NA
"590","8","1","78.8449942190806","tevCopula","0.746057246936811","1.32131447845367"
"591","8","1","98.1551849654971","tCopula","0.762813568532907","3.55092092727354"
"592","8","1","107.821390196928","rot gumbelCopula","2.29762482205362",NA
"593","8","1","106.523114775462","rot galambosCopula","1.58373615943877",NA
"594","8","1","102.213175886322","rot huslerReissCopula","2.0427308087068",NA
"595","8","2","0","Independent",NA,NA
"596","8","2","77.7846686968179","normalCopula","0.709762943088438",NA
"597","8","2","76.6080434413763","claytonCopula","2.2881732391844",NA
"598","8","2","72.9406233340059","gumbelCopula","1.92885387436638",NA
"599","8","2","71.4043955552553","galambosCopula","1.20447715435528",NA
"600","8","2","66.8416914316259","huslerReissCopula","1.58665399351575",NA
"601","8","2","74.5827418993921","tevCopula","0.802301152723184","2.45014109914211"
"602","8","2","88.0673262001968","tCopula","0.717979729232339","3.51851409727882"
"603","8","2","88.4143688920642","rot gumbelCopula","2.06225461301627",NA
"604","8","2","87.6601369191648","rot galambosCopula","1.35443405271464",NA
"605","8","2","83.9381076550597","rot huslerReissCopula","1.79965710111312",NA
"606","8","3","0","Independent",NA,NA
"607","8","3","68.0571902711001","normalCopula","0.678447614786019",NA
"608","8","3","75.295417915183","claytonCopula","2.41987488077246",NA
"609","8","3","66.3920292249308","gumbelCopula","1.90400213905736",NA
"610","8","3","62.4984209263647","galambosCopula","1.1600105612396",NA
"611","8","3","54.1666118923953","huslerReissCopula","1.44475477527893",NA
"612","8","3","75.7316475913748","tevCopula","0.700941729966161","1.1733139587455"
"613","8","3","88.9559366405835","tCopula","0.730828788087057","2.52608043736592"
"614","8","3","86.9073008979946","rot gumbelCopula","2.09356409098171",NA
"615","8","3","83.6812109035997","rot galambosCopula","1.36836236980473",NA
"616","8","3","75.556991548512","rot huslerReissCopula","1.70174513351316",NA
"617","9","0","0","Independent",NA,NA
"618","9","0","88.6424278109008","normalCopula","0.740279569116171",NA
"619","9","0","81.2249984697373","claytonCopula","2.47510931116231",NA
"620","9","0","78.0023385439794","gumbelCopula","1.99135414454872",NA
"621","9","0","76.2515861398348","galambosCopula","1.25896106067172",NA
"622","9","0","71.802786410678","huslerReissCopula","1.63950303241966",NA
"623","9","0","79.1868933090365","tevCopula","0.803083937648277","2.18491476151716"
"624","9","0","91.1925959157815","tCopula","0.742706421474315","5.95149103895633"
"625","9","0","94.5153423706613","rot gumbelCopula","2.11386572749438",NA
"626","9","0","95.0571982119132","rot galambosCopula","1.40433159095419",NA
"627","9","0","95.6755574964238","rot huslerReissCopula","1.95089991837042",NA
"628","9","1","0","Independent",NA,NA
"629","9","1","85.3048380870394","normalCopula","0.731341361829323",NA
"630","9","1","55.3517289680253","claytonCopula","2.49276013206065",NA
"631","9","1","74.7800589121657","gumbelCopula","1.94518997800538",NA
"632","9","1","74.4430838616589","galambosCopula","1.21537272482238",NA
"633","9","1","73.2744401118088","huslerReissCopula","1.65981157541",NA
"634","9","1","74.3786950263724","tevCopula","0.900838078437666","5.88484567793124"
"635","9","1","86.1592791645114","tCopula","0.735013590117588","16.1299211735358"
"636","9","1","82.8729898403854","rot gumbelCopula","2.00301561377557",NA
"637","9","1","83.314713272504","rot galambosCopula","1.29020355032128",NA
"638","9","1","82.4629765935129","rot huslerReissCopula","1.77427280583157",NA
"639","9","2","0","Independent",NA,NA
"640","9","2","75.6559064050717","normalCopula","0.703385569964834",NA
"641","9","2","85.698640651891","claytonCopula","2.31546141047407",NA
"642","9","2","58.106344925506","gumbelCopula","1.79457409504173",NA
"643","9","2","56.9833960062988","galambosCopula","1.0616323793466",NA
"644","9","2","53.5190039212233","huslerReissCopula","1.43784984169286",NA
"645","9","2","58.7153551187297","tevCopula","0.798438787456177","3.05717205892106"
"646","9","2","78.3840072172038","tCopula","0.713192738905964","8.2531990773124"
"647","9","2","87.9252789990918","rot gumbelCopula","2.03821085338172",NA
"648","9","2","88.646605267752","rot galambosCopula","1.33553944647562",NA
"649","9","2","88.7888169716004","rot huslerReissCopula","1.86648566070197",NA
"650","9","3","0","Independent",NA,NA
"651","9","3","67.01050898418","normalCopula","0.674703800406449",NA
"652","9","3","79.3974695691466","claytonCopula","1.94019796400292",NA
"653","9","3","59.2451759686578","gumbelCopula","1.79737012207179",NA
"654","9","3","57.5297845119884","galambosCopula","1.05895211471948",NA
"655","9","3","54.2359870726421","huslerReissCopula","1.44333483172163",NA
"656","9","3","60.984135032516","tevCopula","0.708658283680738","1.77252360675893"
"657","9","3","77.4868243673885","tCopula","0.682000956181301","3.0366246770463"
"658","9","3","81.9496437877796","rot gumbelCopula","1.99055098236695",NA
"659","9","3","80.9276127616739","rot galambosCopula","1.27944083879329",NA
"660","9","3","77.4211640781749","rot huslerReissCopula","1.72141314240154",NA
